task_id,row_key,prompt,answer,reference_answer,sources,correctness_score,groundedness_score,legal_reasoning_score,completeness_score,comprehension_score,hallucination_flag,grounding_citations,comments
1,a402f87ba72ceb4e,"""Was bedeutet eine sonstige Leistung?""","Eine sonstige Leistung ist im umsatzsteuerlichen Sinn jede Leistung, die keine Lieferung im Sinne des § 3 Abs. 1 UStG 1994 darstellt. Gemäß § 3 Abs. 9 UStG 1994 umfasst der Begriff der sonstigen Leistung alle Leistungen, die keine Lieferungen sind, insbesondere Dienstleistungen, Werkleistungen, Vermietungen und Verpachtungen sowie sonstige Leistungen, die im Rahmen eines Unternehmens erbracht werden.

Somit ist eine sonstige Leistung jede Leistung, bei der kein Eigentumsübergang an einem Gegenstand erfolgt, sondern eine Dienstleistung oder ein sonstiger Leistungsaustausch stattfindet (§ 3 Abs. 9 UStG 1994).","""Nein, weil § 3a Abs. 1a UStG gilt nicht für die Verwendung eines dem Unternehmen zugeordneten Grundstückes.""",§ 3a Abs. 1a UStG 1994,1,1,1,1,4,1,"""(1a) Einer sonstigen Leistung gegen Entgelt werden gleichgestellt: 1. Die Verwendung eines dem Unternehmen zugeordneten Gegenstandes, der zum vollen oder teilweisen Vorsteuerabzug berechtigt hat, durch den Unternehmer – für Zwecke, die außerhalb des Unternehmens liegen, – für den Bedarf seines Personals, sofern keine Aufmerksamkeiten vorliegen; 2. die unentgeltliche Erbringung von anderen sonstigen Leistungen durch den Unternehmer – für Zwecke, die außerhalb des Unternehmens liegen, – für den Bedarf seines Personals, sofern keine Aufmerksamkeiten vorliegen. Z 1 gilt nicht für die Verwendung eines dem Unternehmen zugeordneten Grundstückes."" (§ 3a Abs. 1a UStG 1994)","Prompt-reference mismatch (generic prompt but specific scenario reference). The generated answer fails to address the scenario in the reference answer (Verwendung eines Grundstückes). It also hallucinates by attributing the definition of ""sonstige Leistung"" to § 3 Abs. 9 UStG; that paragraph does not contain the definition (it concerns imports). Correct definition is in § 3a Abs. 1 UStG. Item flagged for prompt/reference mismatch."
2,a402f87ba72ceb4e,"""Was bedeutet eine sonstige Leistung?""","Eine sonstige Leistung ist im umsatzsteuerlichen Sinn jede Leistung, die keine Lieferung im Sinne des § 3 Abs. 1 UStG 1994 darstellt. Gemäß § 3 Abs. 9 UStG 1994 umfasst der Begriff der sonstigen Leistung alle Leistungen, die keine Lieferungen sind, insbesondere Dienstleistungen, Werkleistungen, Vermietungen und Verpachtungen sowie sonstige Leistungen, die im Rahmen eines Unternehmens erbracht werden.

Somit ist eine sonstige Leistung jede Leistung, bei der kein Eigentumsübergang an einem Gegenstand erfolgt, sondern eine Dienstleistung oder ein sonstiger Leistungsaustausch stattfindet (§ 3 Abs. 9 UStG 1994).","""Ja, die Renovierung ist eine sonstige Leistung, auch wenn sie kostenlos ist,
weil sie für einen Mitarbeiter gemacht wird. Sie gilt steuerlich wie eine bezahlte Leistung (steuerpflichtig).""",§ 3a Abs. 1a UStG 1994,1,1,1,1,4,1,"""(1a) Einer sonstigen Leistung gegen Entgelt werden gleichgestellt: 1. Die Verwendung eines dem Unternehmen zugeordneten Gegenstandes, der zum vollen oder teilweisen Vorsteuerabzug berechtigt hat, durch den Unternehmer – für Zwecke, die außerhalb des Unternehmens liegen, – für den Bedarf seines Personals, sofern keine Aufmerksamkeiten vorliegen; 2. die unentgeltliche Erbringung von anderen sonstigen Leistungen durch den Unternehmer – für Zwecke, die außerhalb des Unternehmens liegen, – für den Bedarf seines Personals, sofern keine Aufmerksamkeiten vorliegen. Z 1 gilt nicht für die Verwendung eines dem Unternehmen zugeordneten Grundstückes."" (§ 3a Abs. 1a UStG 1994)","Generic answer, ignores scenario about kostenlose Renovierung für Mitarbeiter (§ 3a Abs. 1a Z 2 UStG). Hallucinated citation: § 3 Abs. 9 UStG does not define ""sonstige Leistung"" (correct: § 3a Abs. 1)."
3,a402f87ba72ceb4e,"""Was bedeutet eine sonstige Leistung?""","Eine sonstige Leistung ist im umsatzsteuerlichen Sinn jede Leistung, die keine Lieferung im Sinne des § 3 Abs. 1 UStG 1994 darstellt. Gemäß § 3 Abs. 9 UStG 1994 umfasst der Begriff der sonstigen Leistung alle Leistungen, die keine Lieferungen sind, insbesondere Dienstleistungen, Werkleistungen, Vermietungen und Verpachtungen sowie sonstige Leistungen, die im Rahmen eines Unternehmens erbracht werden.

Somit ist eine sonstige Leistung jede Leistung, bei der kein Eigentumsübergang an einem Gegenstand erfolgt, sondern eine Dienstleistung oder ein sonstiger Leistungsaustausch stattfindet (§ 3 Abs. 9 UStG 1994).",„In den USA. Der Verzicht auf eine gewerbliche oder berufliche Tätigkeit gegenüber einem Nichtunternehmer im Drittland gilt gemäß § 3a Abs. 14 Z 10 UStG als am Wohnsitz des Empfängers ausgeführt.“,§ 3a Abs. 14 Z 10 UStG 1994,1,1,1,1,4,1,"""10. der Verzicht, ganz oder teilweise eine gewerbliche oder berufliche Tätigkeit auszuüben;"" (§ 3a Abs. 14 Z 10 UStG 1994)","Generic answer, ignores scenario about Verzicht auf gewerbliche Tätigkeit gegenüber Nichtunternehmer im Drittland (§ 3a Abs. 14 Z 10 UStG). Hallucinated citation: § 3 Abs. 9 UStG does not contain the claimed definition."
4,a402f87ba72ceb4e,"""Was bedeutet eine sonstige Leistung?""","Eine sonstige Leistung ist im umsatzsteuerlichen Sinn jede Leistung, die keine Lieferung im Sinne des § 3 Abs. 1 UStG 1994 darstellt. Gemäß § 3 Abs. 9 UStG 1994 umfasst der Begriff der sonstigen Leistung alle Leistungen, die keine Lieferungen sind, insbesondere Dienstleistungen, Werkleistungen, Vermietungen und Verpachtungen sowie sonstige Leistungen, die im Rahmen eines Unternehmens erbracht werden.

Somit ist eine sonstige Leistung jede Leistung, bei der kein Eigentumsübergang an einem Gegenstand erfolgt, sondern eine Dienstleistung oder ein sonstiger Leistungsaustausch stattfindet (§ 3 Abs. 9 UStG 1994).","„In Serbien. Da es sich um die Gestellung von Personal an einen Nichtunternehmer im Drittlandsgebiet handelt, verlagert sich der Leistungsort gemäß § 3a Abs. 14 Z 8 UStG an den Wohnsitz des Kunden.“",§ 3a Abs. 14 Z 8 UStG 1994,1,1,1,1,4,1,"""8. die Gestellung von Personal;"" (§ 3a Abs. 14 Z 8 UStG 1994)","Generic answer, ignores scenario about Personalgestellung an Nichtunternehmer im Drittland (§ 3a Abs. 14 Z 8 UStG). Hallucinated citation: § 3 Abs. 9 UStG."
5,a402f87ba72ceb4e,"""Was bedeutet eine sonstige Leistung?""","Eine sonstige Leistung ist im umsatzsteuerlichen Sinn jede Leistung, die keine Lieferung im Sinne des § 3 Abs. 1 UStG 1994 darstellt. Gemäß § 3 Abs. 9 UStG 1994 umfasst der Begriff der sonstigen Leistung alle Leistungen, die keine Lieferungen sind, insbesondere Dienstleistungen, Werkleistungen, Vermietungen und Verpachtungen sowie sonstige Leistungen, die im Rahmen eines Unternehmens erbracht werden.

Somit ist eine sonstige Leistung jede Leistung, bei der kein Eigentumsübergang an einem Gegenstand erfolgt, sondern eine Dienstleistung oder ein sonstiger Leistungsaustausch stattfindet (§ 3 Abs. 9 UStG 1994).","""Derselbe wie für die Stadtführung selbst. Laut § 3a Abs. 4 UStG werden auf die Besorgungsleistung die Regeln der besorgten Leistung angewandt.""",§ 3a Abs. 4 UStG 1994,1,1,1,1,4,1,"""(4) Besorgt ein Unternehmer eine sonstige Leistung, so sind die für die besorgte Leistung geltenden Rechtsvorschriften auf die Besorgungsleistung entsprechend anzuwenden."" (§ 3a Abs. 4 UStG 1994)","Generic answer, ignores scenario about Besorgungsleistung (§ 3a Abs. 4 UStG). Hallucinated citation: § 3 Abs. 9 UStG."
6,a402f87ba72ceb4e,"""Was bedeutet eine sonstige Leistung?""","Eine sonstige Leistung ist im umsatzsteuerlichen Sinn jede Leistung, die keine Lieferung im Sinne des § 3 Abs. 1 UStG 1994 darstellt. Gemäß § 3 Abs. 9 UStG 1994 umfasst der Begriff der sonstigen Leistung alle Leistungen, die keine Lieferungen sind, insbesondere Dienstleistungen, Werkleistungen, Vermietungen und Verpachtungen sowie sonstige Leistungen, die im Rahmen eines Unternehmens erbracht werden.

Somit ist eine sonstige Leistung jede Leistung, bei der kein Eigentumsübergang an einem Gegenstand erfolgt, sondern eine Dienstleistung oder ein sonstiger Leistungsaustausch stattfindet (§ 3 Abs. 9 UStG 1994).","„Dieser Vorgang gilt als Werkleistung. Da der Landwirt einen gleichartigen Gegenstand aus dem Bestand des Müllers erhält und nur einen Werklohn unabhängig vom Marktpreisunterschied zahlt, wird dies steuerlich nicht als Lieferung, sondern als Werkleistung behandelt.“",§ 3a Abs. 3 UStG 1994,1,1,1,1,4,1,"""(3) Überläßt ein Unternehmer einem Auftraggeber, der ihm einen Stoff zur Herstellung eines Gegenstandes übergeben hat, an Stelle des herzustellenden Gegenstandes einen gleichartigen Gegenstand, wie er ihn in seinem Unternehmen aus solchem Stoff herzustellen pflegt, so gilt die Leistung des Unternehmers als sonstige Leistung (Werkleistung), wenn das Entgelt für die Leistung nach Art eines Werklohnes unabhängig vom Unterschied zwischen dem Marktpreis des empfangenen Stoffes und dem des überlassenen Gegenstandes berechnet wird."" (§ 3a Abs. 3 UStG 1994)","Generic answer, ignores scenario about Werkleistung (§ 3a Abs. 3 UStG). Hallucinated citation: § 3 Abs. 9 UStG."
7,a402f87ba72ceb4e,"""Was bedeutet eine sonstige Leistung?""","Eine sonstige Leistung ist im umsatzsteuerlichen Sinn jede Leistung, die keine Lieferung im Sinne des § 3 Abs. 1 UStG 1994 darstellt. Gemäß § 3 Abs. 9 UStG 1994 umfasst der Begriff der sonstigen Leistung alle Leistungen, die keine Lieferungen sind, insbesondere Dienstleistungen, Werkleistungen, Vermietungen und Verpachtungen sowie sonstige Leistungen, die im Rahmen eines Unternehmens erbracht werden.

Somit ist eine sonstige Leistung jede Leistung, bei der kein Eigentumsübergang an einem Gegenstand erfolgt, sondern eine Dienstleistung oder ein sonstiger Leistungsaustausch stattfindet (§ 3 Abs. 9 UStG 1994).","""In USA, obwohl der Kunde einen Wohnsitz in Österreich hat, aber wenn eine Telekommunikationsleistung im Drittland genutzt und ausgewertet wird, gilt sie als dort ausgeführt und daher fällt keine österreichische Umsatzsteuer an.""",§ 3a Abs. 16 UStG 1994,1,1,1,1,4,1,"""(16) Der Bundesminister für Finanzen kann, um Doppelbesteuerungen, Nichtbesteuerungen oder Wettbewerbsverzerrungen zu vermeiden, durch Verordnung festlegen, dass sich bei sonstigen Leistungen, deren Leistungsort sich nach Abs. 6, 7, 12, 13 oder 14 bestimmt, der Ort der sonstigen Leistung danach richtet, wo die sonstige Leistung genutzt oder ausgewertet wird. Der Ort der sonstigen Leistung kann danach 1. statt im Inland als im Drittlandsgebiet gelegen und 2. statt im Drittlandsgebiet als im Inland gelegen behandelt werden."" (§ 3a Abs. 16 UStG 1994)","Generic answer, ignores scenario about Telekommunikationsleistung Drittland (§ 3a Abs. 16 UStG). Hallucinated citation: § 3 Abs. 9 UStG."
8,a402f87ba72ceb4e,"""Was bedeutet eine sonstige Leistung?""","Eine sonstige Leistung ist im umsatzsteuerlichen Sinn jede Leistung, die keine Lieferung im Sinne des § 3 Abs. 1 UStG 1994 darstellt. Gemäß § 3 Abs. 9 UStG 1994 umfasst der Begriff der sonstigen Leistung alle Leistungen, die keine Lieferungen sind, insbesondere Dienstleistungen, Werkleistungen, Vermietungen und Verpachtungen sowie sonstige Leistungen, die im Rahmen eines Unternehmens erbracht werden.

Somit ist eine sonstige Leistung jede Leistung, bei der kein Eigentumsübergang an einem Gegenstand erfolgt, sondern eine Dienstleistung oder ein sonstiger Leistungsaustausch stattfindet (§ 3 Abs. 9 UStG 1994).","""Die Verwendung eines dem Unternehmen zugeordneten Gegenstandes, der zum vollen oder teilweisen Vorsteuerabzug berechtigt hat, durch den Unternehmer
–
für Zwecke, die außerhalb des Unternehmens liegen,
–
für den Bedarf seines Personals, sofern keine Aufmerksamkeiten vorliegen.""",§ 3a Abs. 1a UStG 1994,1,1,1,1,4,1,"""(1a) Einer sonstigen Leistung gegen Entgelt werden gleichgestellt: 1. Die Verwendung eines dem Unternehmen zugeordneten Gegenstandes, der zum vollen oder teilweisen Vorsteuerabzug berechtigt hat, durch den Unternehmer – für Zwecke, die außerhalb des Unternehmens liegen, – für den Bedarf seines Personals, sofern keine Aufmerksamkeiten vorliegen; 2. die unentgeltliche Erbringung von anderen sonstigen Leistungen durch den Unternehmer – für Zwecke, die außerhalb des Unternehmens liegen, – für den Bedarf seines Personals, sofern keine Aufmerksamkeiten vorliegen. Z 1 gilt nicht für die Verwendung eines dem Unternehmen zugeordneten Grundstückes."" (§ 3a Abs. 1a UStG 1994)","Generic answer, ignores scenario asking which transactions are gleichgestellt (§ 3a Abs. 1a UStG). Hallucinated citation: § 3 Abs. 9 UStG."
9,a402f87ba72ceb4e,"""Was bedeutet eine sonstige Leistung?""","Eine sonstige Leistung ist im umsatzsteuerlichen Sinn jede Leistung, die keine Lieferung im Sinne des § 3 Abs. 1 UStG 1994 darstellt. Gemäß § 3 Abs. 9 UStG 1994 umfasst der Begriff der sonstigen Leistung alle Leistungen, die keine Lieferungen sind, insbesondere Dienstleistungen, Werkleistungen, Vermietungen und Verpachtungen sowie sonstige Leistungen, die im Rahmen eines Unternehmens erbracht werden.

Somit ist eine sonstige Leistung jede Leistung, bei der kein Eigentumsübergang an einem Gegenstand erfolgt, sondern eine Dienstleistung oder ein sonstiger Leistungsaustausch stattfindet (§ 3 Abs. 9 UStG 1994).","„Die Regelung dient dazu, Doppelbesteuerungen, Nichtbesteuerungen oder Wettbewerbsverzerrungen zu vermeiden. Ziel ist es, den Ort der Leistung dorthin zu verlegen, wo sie tatsächlich genutzt oder ausgewertet wird.“",§ 3a Abs. 16 UStG 1994,1,1,1,1,4,1,"""(16) Der Bundesminister für Finanzen kann, um Doppelbesteuerungen, Nichtbesteuerungen oder Wettbewerbsverzerrungen zu vermeiden, durch Verordnung festlegen, dass sich bei sonstigen Leistungen, deren Leistungsort sich nach Abs. 6, 7, 12, 13 oder 14 bestimmt, der Ort der sonstigen Leistung danach richtet, wo die sonstige Leistung genutzt oder ausgewertet wird. Der Ort der sonstigen Leistung kann danach 1. statt im Inland als im Drittlandsgebiet gelegen und 2. statt im Drittlandsgebiet als im Inland gelegen behandelt werden."" (§ 3a Abs. 16 UStG 1994)","Generic answer, ignores scenario about Zweck der Verlagerungsregelung (§ 3a Abs. 16 UStG). Hallucinated citation: § 3 Abs. 9 UStG."
10,a402f87ba72ceb4e,"""Was bedeutet eine sonstige Leistung?""","Eine sonstige Leistung ist im umsatzsteuerlichen Sinn jede Leistung, die keine Lieferung im Sinne des § 3 Abs. 1 UStG 1994 darstellt. Gemäß § 3 Abs. 9 UStG 1994 umfasst der Begriff der sonstigen Leistung alle Leistungen, die keine Lieferungen sind, insbesondere Dienstleistungen, Werkleistungen, Vermietungen und Verpachtungen sowie sonstige Leistungen, die im Rahmen eines Unternehmens erbracht werden.

Somit ist eine sonstige Leistung jede Leistung, bei der kein Eigentumsübergang an einem Gegenstand erfolgt, sondern eine Dienstleistung oder ein sonstiger Leistungsaustausch stattfindet (§ 3 Abs. 9 UStG 1994).","""In der Schweiz. Der Zugang zu Gas- oder Elektrizitätsnetzen für Empfänger im Drittland wird am Wohnsitz des Kunden besteuert.""",§ 3a Abs. 14 Z 12 UStG 1994,1,1,1,1,4,1,"""12. die Gewährung des Zugangs zu einem Erdgasnetz im Gebiet der Gemeinschaft oder zu einem an ein solches Netz angeschlossenes Netz, zum Elektrizitätsnetz oder zu Wärme- oder Kältenetzen ..."" (§ 3a Abs. 14 Z 12 UStG 1994)","Generic answer, ignores scenario about Zugang zu Gas-/Elektrizitätsnetzen (§ 3a Abs. 14 Z 12 UStG). Hallucinated citation: § 3 Abs. 9 UStG."
11,a402f87ba72ceb4e,"""Was bedeutet eine sonstige Leistung?""","Eine sonstige Leistung ist im umsatzsteuerlichen Sinn jede Leistung, die keine Lieferung im Sinne des § 3 Abs. 1 UStG 1994 darstellt. Gemäß § 3 Abs. 9 UStG 1994 umfasst der Begriff der sonstigen Leistung alle Leistungen, die keine Lieferungen sind, insbesondere Dienstleistungen, Werkleistungen, Vermietungen und Verpachtungen sowie sonstige Leistungen, die im Rahmen eines Unternehmens erbracht werden.

Somit ist eine sonstige Leistung jede Leistung, bei der kein Eigentumsübergang an einem Gegenstand erfolgt, sondern eine Dienstleistung oder ein sonstiger Leistungsaustausch stattfindet (§ 3 Abs. 9 UStG 1994).","""In Australien. Die Übertragung von Urheberrechten an Nichtunternehmer im Drittland folgt dem Empfängerortsprinzip.""",§ 3a Abs. 14 Z 1 UStG 1994,1,1,1,1,4,1,"""1. Die Einräumung, Übertragung und Wahrnehmung von Rechten, die sich aus urheberrechtlichen Vorschriften ergeben;"" (§ 3a Abs. 14 Z 1 UStG 1994)","Generic answer, ignores scenario about Übertragung von Urheberrechten (§ 3a Abs. 14 Z 1 UStG). Hallucinated citation: § 3 Abs. 9 UStG."
12,a402f87ba72ceb4e,"""Was bedeutet eine sonstige Leistung?""","Eine sonstige Leistung ist im umsatzsteuerlichen Sinn jede Leistung, die keine Lieferung im Sinne des § 3 Abs. 1 UStG 1994 darstellt. Gemäß § 3 Abs. 9 UStG 1994 umfasst der Begriff der sonstigen Leistung alle Leistungen, die keine Lieferungen sind, insbesondere Dienstleistungen, Werkleistungen, Vermietungen und Verpachtungen sowie sonstige Leistungen, die im Rahmen eines Unternehmens erbracht werden.

Somit ist eine sonstige Leistung jede Leistung, bei der kein Eigentumsübergang an einem Gegenstand erfolgt, sondern eine Dienstleistung oder ein sonstiger Leistungsaustausch stattfindet (§ 3 Abs. 9 UStG 1994).","""Nein. Beförderungsmittel sind ausdrücklich ausgenommen. Es gelten die Sonderregeln für Beförderungsmittel.""",§ 3a Abs. 14 UStG 1994,1,1,1,1,4,1,"""(14) Ist der Empfänger ein Nichtunternehmer im Sinne des Abs. 5 Z 3 und hat er keinen Wohnsitz, Sitz oder gewöhnlichen Aufenthalt im Gemeinschaftsgebiet, werden die folgenden sonstigen Leistungen an seinem Wohnsitz, Sitz oder gewöhnlichen Aufenthalt im Drittlandsgebiet ausgeführt:"" (§ 3a Abs. 14 UStG 1994)","Generic answer, ignores scenario about Beförderungsmittel-Ausnahme von Abs. 14 (§ 3a Abs. 14 UStG; Abs. 14 nennt Beförderungsmittel nicht — Sonderregeln in Abs. 12 gelten). Hallucinated citation: § 3 Abs. 9 UStG."
13,a402f87ba72ceb4e,"""Was bedeutet eine sonstige Leistung?""","Eine sonstige Leistung ist im umsatzsteuerlichen Sinn jede Leistung, die keine Lieferung im Sinne des § 3 Abs. 1 UStG 1994 darstellt. Gemäß § 3 Abs. 9 UStG 1994 umfasst der Begriff der sonstigen Leistung alle Leistungen, die keine Lieferungen sind, insbesondere Dienstleistungen, Werkleistungen, Vermietungen und Verpachtungen sowie sonstige Leistungen, die im Rahmen eines Unternehmens erbracht werden.

Somit ist eine sonstige Leistung jede Leistung, bei der kein Eigentumsübergang an einem Gegenstand erfolgt, sondern eine Dienstleistung oder ein sonstiger Leistungsaustausch stattfindet (§ 3 Abs. 9 UStG 1994).","„In Australien. Die Datenverarbeitung zählt gemäß § 3a Abs. 14 UStG zu den Katalogleistungen. Da der Leistungsempfänger ein Nichtunternehmer im Drittland ist, verlagert sich der Leistungsort an seinen Wohnsitz, Sitz oder gewöhnlichen Aufenthalt.“",§ 3a Abs. 14 Z 5 UStG 1994,1,1,1,1,4,1,"""5. die Datenverarbeitung;"" (§ 3a Abs. 14 Z 5 UStG 1994)","Generic answer, ignores scenario about Datenverarbeitung (§ 3a Abs. 14 Z 5 UStG). Hallucinated citation: § 3 Abs. 9 UStG."
14,a402f87ba72ceb4e,"""Was bedeutet eine sonstige Leistung?""","Eine sonstige Leistung ist im umsatzsteuerlichen Sinn jede Leistung, die keine Lieferung im Sinne des § 3 Abs. 1 UStG 1994 darstellt. Gemäß § 3 Abs. 9 UStG 1994 umfasst der Begriff der sonstigen Leistung alle Leistungen, die keine Lieferungen sind, insbesondere Dienstleistungen, Werkleistungen, Vermietungen und Verpachtungen sowie sonstige Leistungen, die im Rahmen eines Unternehmens erbracht werden.

Somit ist eine sonstige Leistung jede Leistung, bei der kein Eigentumsübergang an einem Gegenstand erfolgt, sondern eine Dienstleistung oder ein sonstiger Leistungsaustausch stattfindet (§ 3 Abs. 9 UStG 1994).","„In Kanada. Werbeleistungen an Nichtunternehmer im Drittland gelten gemäß § 3a Abs. 14 UStG an dem Ort als ausgeführt, an dem der Empfänger seinen Wohnsitz, Sitz oder gewöhnliche Aufenthalt hat.“",§ 3a Abs. 14 Z 2 UStG 1994,1,1,1,1,4,1,"""2. die Leistungen, die der Werbung oder der Öffentlichkeitsarbeit dienen;"" (§ 3a Abs. 14 Z 2 UStG 1994)","Generic answer, ignores scenario about Werbeleistungen (§ 3a Abs. 14 Z 2 UStG). Hallucinated citation: § 3 Abs. 9 UStG."
15,a402f87ba72ceb4e,"""Was bedeutet eine sonstige Leistung?""","Eine sonstige Leistung ist im umsatzsteuerlichen Sinn jede Leistung, die keine Lieferung im Sinne des § 3 Abs. 1 UStG 1994 darstellt. Gemäß § 3 Abs. 9 UStG 1994 umfasst der Begriff der sonstigen Leistung alle Leistungen, die keine Lieferungen sind, insbesondere Dienstleistungen, Werkleistungen, Vermietungen und Verpachtungen sowie sonstige Leistungen, die im Rahmen eines Unternehmens erbracht werden.

Somit ist eine sonstige Leistung jede Leistung, bei der kein Eigentumsübergang an einem Gegenstand erfolgt, sondern eine Dienstleistung oder ein sonstiger Leistungsaustausch stattfindet (§ 3 Abs. 9 UStG 1994).","„Dies ist ein tauschähnlicher Umsatz. Die Werbedienstleistung des Influencers wird durch eine Lieferung, das Smartphone bezahlt“",§ 3a Abs. 2 UStG 1994,1,1,1,1,4,1,"""(2) Ein tauschähnlicher Umsatz liegt vor, wenn das Entgelt für eine sonstige Leistung in einer Lieferung oder in einer sonstigen Leistung besteht."" (§ 3a Abs. 2 UStG 1994)","Generic answer, ignores scenario about tauschähnlicher Umsatz (§ 3a Abs. 2 UStG). Hallucinated citation: § 3 Abs. 9 UStG."
16,a402f87ba72ceb4e,"""Was bedeutet eine sonstige Leistung?""","Eine sonstige Leistung ist im umsatzsteuerlichen Sinn jede Leistung, die keine Lieferung im Sinne des § 3 Abs. 1 UStG 1994 darstellt. Gemäß § 3 Abs. 9 UStG 1994 umfasst der Begriff der sonstigen Leistung alle Leistungen, die keine Lieferungen sind, insbesondere Dienstleistungen, Werkleistungen, Vermietungen und Verpachtungen sowie sonstige Leistungen, die im Rahmen eines Unternehmens erbracht werden.

Somit ist eine sonstige Leistung jede Leistung, bei der kein Eigentumsübergang an einem Gegenstand erfolgt, sondern eine Dienstleistung oder ein sonstiger Leistungsaustausch stattfindet (§ 3 Abs. 9 UStG 1994).","""Privatpersonen sowie juristische Personen, die keine UID-Nummer besitzen und nicht unternehmerisch tätig sind.""",§ 3a Abs. 5 UStG 1994,1,1,1,1,4,1,"""(5) Für Zwecke der Anwendung der Abs. 6 bis 16 und Art. 3a gilt 1. als Unternehmer ein Unternehmer gemäß § 2, ...; 2. eine nicht unternehmerisch tätige juristische Person mit Umsatzsteuer-Identifikationsnummer als Unternehmer; 3. eine Person oder Personengemeinschaft, die nicht in den Anwendungsbereich der Z 1 und 2 fällt, als Nichtunternehmer."" (§ 3a Abs. 5 UStG 1994)","Generic answer, ignores scenario about wer als Nichtunternehmer iSd § 3a Abs. 5 Z 3 UStG gilt. Hallucinated citation: § 3 Abs. 9 UStG."
17,a402f87ba72ceb4e,"""Was bedeutet eine sonstige Leistung?""","Eine sonstige Leistung ist im umsatzsteuerlichen Sinn jede Leistung, die keine Lieferung im Sinne des § 3 Abs. 1 UStG 1994 darstellt. Gemäß § 3 Abs. 9 UStG 1994 umfasst der Begriff der sonstigen Leistung alle Leistungen, die keine Lieferungen sind, insbesondere Dienstleistungen, Werkleistungen, Vermietungen und Verpachtungen sowie sonstige Leistungen, die im Rahmen eines Unternehmens erbracht werden.

Somit ist eine sonstige Leistung jede Leistung, bei der kein Eigentumsübergang an einem Gegenstand erfolgt, sondern eine Dienstleistung oder ein sonstiger Leistungsaustausch stattfindet (§ 3 Abs. 9 UStG 1994).",Die Leistung ist eine sonstige Leistung an eine Privatperson und somit an einen Nichtunternehmer. Nach der Grundregel des § 3a Abs. 7 UStG liegt der Leistungsort daher am Sitz des Leistenden in Wien. ,§ 3a Abs. 7 UStG 1994,1,1,1,1,4,1,"""(7) Eine sonstige Leistung, die an einen Nichtunternehmer im Sinne des Abs. 5 Z 3 ausgeführt wird, wird vorbehaltlich der Abs. 8 bis 16 und Art. 3a an dem Ort ausgeführt, von dem aus der Unternehmer sein Unternehmen betreibt."" (§ 3a Abs. 7 UStG 1994)","Generic answer, ignores scenario about Leistungsort an Nichtunternehmer / Privatperson (§ 3a Abs. 7 UStG). Hallucinated citation: § 3 Abs. 9 UStG."
18,a402f87ba72ceb4e,"""Was bedeutet eine sonstige Leistung?""","Eine sonstige Leistung ist im umsatzsteuerlichen Sinn jede Leistung, die keine Lieferung im Sinne des § 3 Abs. 1 UStG 1994 darstellt. Gemäß § 3 Abs. 9 UStG 1994 umfasst der Begriff der sonstigen Leistung alle Leistungen, die keine Lieferungen sind, insbesondere Dienstleistungen, Werkleistungen, Vermietungen und Verpachtungen sowie sonstige Leistungen, die im Rahmen eines Unternehmens erbracht werden.

Somit ist eine sonstige Leistung jede Leistung, bei der kein Eigentumsübergang an einem Gegenstand erfolgt, sondern eine Dienstleistung oder ein sonstiger Leistungsaustausch stattfindet (§ 3 Abs. 9 UStG 1994).","„In der Schweiz. Da der Leistungsempfänger ein Nichtunternehmer mit Wohnsitz in einem Drittland ist, verlagert sich der Leistungsort an den Ort, an dem der Empfänger seinen Wohnsitz, Sitz oder gewöhnlichen Aufenthalt im Drittlandsgebiet hat. Somit fällt keine österreichische Umsatzsteuer an.“",§ 3a Abs. 14 Z 3 UStG 1994,1,1,1,1,4,1,"""3. die sonstigen Leistungen aus der Tätigkeit als Rechtsanwalt, Patentanwalt, Steuerberater, Wirtschaftsprüfer, Sachverständiger, Ingenieur, Aufsichtsratsmitglied, Dolmetscher und Übersetzer sowie ähnliche Leistungen anderer Unternehmer;"" (§ 3a Abs. 14 Z 3 UStG 1994)","Generic answer, ignores scenario about Steuerberater/Sachverständigen-Leistung an Nichtunternehmer im Drittland (§ 3a Abs. 14 Z 3 UStG). Hallucinated citation: § 3 Abs. 9 UStG."
19,a402f87ba72ceb4e,"""Was bedeutet eine sonstige Leistung?""","Eine sonstige Leistung ist im umsatzsteuerlichen Sinn jede Leistung, die keine Lieferung im Sinne des § 3 Abs. 1 UStG 1994 darstellt. Gemäß § 3 Abs. 9 UStG 1994 umfasst der Begriff der sonstigen Leistung alle Leistungen, die keine Lieferungen sind, insbesondere Dienstleistungen, Werkleistungen, Vermietungen und Verpachtungen sowie sonstige Leistungen, die im Rahmen eines Unternehmens erbracht werden.

Somit ist eine sonstige Leistung jede Leistung, bei der kein Eigentumsübergang an einem Gegenstand erfolgt, sondern eine Dienstleistung oder ein sonstiger Leistungsaustausch stattfindet (§ 3 Abs. 9 UStG 1994).","""Der Ort der sonstigen Leistung kann danach
1. statt im Inland als im Drittlandsgebiet gelegen und
2. statt im Drittlandsgebiet als im Inland gelegen
behandelt werden.“",§ 3a Abs. 16 UStG 1994,1,1,1,1,4,1,"""(16) Der Bundesminister für Finanzen kann, um Doppelbesteuerungen, Nichtbesteuerungen oder Wettbewerbsverzerrungen zu vermeiden, durch Verordnung festlegen, dass sich bei sonstigen Leistungen, deren Leistungsort sich nach Abs. 6, 7, 12, 13 oder 14 bestimmt, der Ort der sonstigen Leistung danach richtet, wo die sonstige Leistung genutzt oder ausgewertet wird. Der Ort der sonstigen Leistung kann danach 1. statt im Inland als im Drittlandsgebiet gelegen und 2. statt im Drittlandsgebiet als im Inland gelegen behandelt werden."" (§ 3a Abs. 16 UStG 1994)","Generic answer, ignores scenario about Verlagerungsmöglichkeiten (§ 3a Abs. 16 UStG). Hallucinated citation: § 3 Abs. 9 UStG."
20,a42a2007314f786c,"Ein Erwerber erhält ohne gesonderten Vertrag direkt die Rechte aus einem bereits bestehenden Kaufanbot über ein inländisches Grundstück, also ohne dass ein schuldrechtliches Geschäft über den Rechtserwerb vorausgegangen ist. Unterliegt auch dieser bloße Rechtserwerb der Grunderwerbsteuer?","Ja, dieser bloße Rechtserwerb unterliegt der Grunderwerbsteuer. Gemäß § 1 Abs. 1 Z 5 GrEStG 1987 unterliegen solche Vorgänge der Steuer, wenn kein Rechtsgeschäft vorausgegangen ist, das den Anspruch auf Erwerb der Rechte begründet.","Ja. Nach § 1 Abs. 1 Z 5 GrEStG 1987 ist auch der Erwerb eines in § 1 Abs. 1 Z 3 und Z 4 bezeichneten Rechtes grunderwerbsteuerpflichtig, wenn kein Rechtsgeschäft vorausgegangen ist, das den Anspruch auf Erwerb dieses Rechtes begründet hat.",§ 1 Abs. 1 Z 5 GrEStG 1987,5,5,5,4,5,0,"""§ 1. (1) Der Grunderwerbsteuer unterliegen die folgenden Rechtsvorgänge, soweit sie sich auf inländische Grundstücke beziehen: ... 4. ein Rechtsgeschäft, das den Anspruch auf Abtretung der Rechte aus einem Kaufanbot begründet. ... 5. der Erwerb eines der in den Z 3 und 4 bezeichneten Rechte, wenn kein Rechtsgeschäft vorausgegangen ist, das den Anspruch auf Erwerb der Rechte begründet."" (§ 1 Abs. 1 Z 5 GrEStG 1987)",Conclusion matches reference; correct citation; brief but on-point application. Minor omission: does not explicitly reference Z 3 und Z 4 framework but answers the question correctly.
21,a456ada1e6a787c3,Setzt die Zuzugsbegünstigung nach den Richtlinien neben einem Zuzug aus dem Ausland auch die Verlagerung des Mittelpunktes der Lebensinteressen nach Österreich voraus?,"Die Zuzugsbegünstigung nach den Richtlinien setzt nicht nur einen Zuzug aus dem Ausland, sondern auch eine Verlagerung des Mittelpunktes der Lebensinteressen nach Österreich voraus. Dies ergibt sich aus dem Kontext der Entwicklungshilfe und der damit verbundenen Vorhaben, die dem Dreijahresprogramm der österreichischen Entwicklungspolitik entsprechen.","Ja, so EStR 2000 Rz 8201a. Nach den Richtlinien knüpft die Zuzugsbegünstigung an den Zuzug aus dem Ausland an. Neben der Begründung eines inländischen Wohnsitzes setzt sie auch die Verlagerung des Mittelpunktes der Lebensinteressen nach Österreich voraus.",EStR 2000 Rz 8201a,3,1,2,2,3,1,"""Bei Personen, deren Zuzug aus dem Ausland der Förderung von Wissenschaft, Forschung, Kunst oder Sport dient und aus diesem Grunde im öffentlichen Interesse gelegen ist ..."" (§ 103 Abs. 1 EStG 1988); EStR 2000 Rz 8201a (laut Referenzantwort): Zuzugsbegünstigung setzt neben Zuzug auch Verlagerung des Mittelpunktes der Lebensinteressen voraus.","Reaches the right yes-conclusion but fabricates an Entwicklungshilfe/Dreijahresprogramm-Zusammenhang that is not in the reference (EStR 2000 Rz 8201a) — irrelevant invented context, treated as hallucination of provenance."
22,a4d835ff04f6fa53,Nein. Das kostenlose Aufladen eines privatem E-Autos beim Arbeitgeber ist gemäß § 4c SachbezugsVO ausdrücklich mit einem Sachbezugswert von Null anzusetzen und daher steuerfrei.,"Benutzerfrage: Nein. Das kostenlose Aufladen eines privatem E-Autos beim Arbeitgeber ist gemäß § 4c SachbezugsVO ausdrücklich mit einem Sachbezugswert von Null anzusetzen und daher steuerfrei. Antwort: Die Auskunftsperson hat den Sachbezugswert als ""null"" bezeichnet. Sie hat sich nicht veranlasst, einen Sachbezug in der Regel zu erwähnen.",Nein. Das kostenlose Aufladen eines privatem E-Autos beim Arbeitgeber ist gemäß § 4c SachbezugsVO ausdrücklich mit einem Sachbezugswert von Null anzusetzen und daher steuerfrei.,§ 4c SachbezugsVO,3,2,2,2,2,0,"""Das kostenlose Aufladen eines privatem E-Autos beim Arbeitgeber ist gemäß § 4c SachbezugsVO ausdrücklich mit einem Sachbezugswert von Null anzusetzen und daher steuerfrei."" (§ 4c Sachbezugswerteverordnung; Referenzantwort)","The ""answer"" largely echoes the prompt. It does not clearly state the conclusion (Sachbezug = 0, steuerfrei) in its own analysis. Confusing structure; partial match with reference only because the prompt itself contained the answer."
23,a4f7cad0c12511f8,"Ein Käufer und ein Verkäufer unterzeichnen am 15. März 2025 einen Kaufvertrag über ein Grundstück. Der Vertrag enthält jedoch die aufschiebende Bedingung, dass der Käufer bis 30. Juni 2025 eine Baugenehmigung für sein geplantes Projekt erhält. Die Baugenehmigung wird am 20. Mai 2025 erteilt. Wann entsteht die Grunderwerbsteuerschuld?","Da die Erfüllung der aufschiebenden Bedingung (Baugenehmigung) vor dem Ende der Frist (30. Juni 2025) eingetreten ist, entsteht die Grunderwerbsteuerschuld mit dem Zeitpunkt der Unterzeichnung des Kaufvertrags (15. März 2025) gemäß § 8 Abs. 1 GrEStG. Die Steuer ist vom Notar oder dem Rechtsanwalt beim Abschluss des Kaufvertrags einzubehalten.","Die Steuerschuld entsteht am 20. Mai 2025. Gemäß § 8 Abs. 2 GrEStG entsteht die Steuerschuld bei einem Erwerbsvorgang, dessen Wirksamkeit vom Eintritt einer Bedingung abhängig ist, mit dem Eintritt der Bedingung. Da der Kaufvertrag unter der aufschiebenden Bedingung der Baugenehmigung stand und diese am 20. Mai 2025 erteilt wurde, entsteht zu diesem Zeitpunkt die Steuerschuld - nicht bereits bei Vertragsunterzeichnung am 15. März 2025.",§ 8 Abs. 2 GrEStG 1987,1,2,1,3,4,1,"""§ 8. (1) Die Steuerschuld entsteht, sobald ein nach diesem Bundesgesetz steuerpflichtiger Erwerbsvorgang verwirklicht ist. (2) Ist die Wirksamkeit des Erwerbsvorganges vom Eintritt einer Bedingung oder von der Genehmigung einer Behörde abhängig, so entsteht die Steuerschuld mit dem Eintritt der Bedingung oder mit der Genehmigung."" (§ 8 Abs. 1, 2 GrEStG 1987)","Wrong conclusion (states 15.03.2025 instead of 20.05.2025). Misapplies § 8 Abs. 1 and fails to apply § 8 Abs. 2 which controls when wirksamkeit von Bedingung abhängt. Hallucinates obligation that ""Steuer ist vom Notar oder dem Rechtsanwalt beim Abschluss des Kaufvertrags einzubehalten"" — there is no such withholding rule for GrESt at contract signing."
24,a4fdf97e3bcff2cf,Ein in Ungarn wohnender Arbeitnehmer übernachtet von Montag bis Donnerstag regelmäßig am österreichischen Arbeitsort und fährt nur am Wochenende heim. Kann dadurch ein gewöhnlicher Aufenthalt in Österreich entstehen?,"Ja, wenn der Arbeitnehmer regelmäßig in Österreich arbeitet und dort übernachtet, kann es zu einem gewöhnlichen Aufenthalt in Österreich kommen, unabhängig von der Tatsache, dass er in Ungarn wohnt.

Für die Bestimmung des gewöhnlichen Aufenthalts ist die Dauer der Tätigkeit in Österreich, nicht die Wohnsitzlage des Arbeitnehmers, maßgeblich.

In diesem Fall kann die Rechtsnorm des Abgaberechts (z.B. § 2 Abs 11 EStG) oder des Steuerabkommens zwischen Österreich und Ungarn (if applicable) Anwendung finden.","Ja. Wer an den Arbeitstagen am Arbeitsort übernachtet, begründet nach EStR 2000 Rz 24 dadurch einen inländischen Aufenthalt. Dauert dieser länger als sechs Monate an, tritt unbeschränkte Steuerpflicht kraft gewöhnlichen Aufenthalts nach EStR 2000 Rz 23 ein.",EStR 2000 Rz 23;EStR 2000 Rz 24,4,2,3,3,4,1,"""Wer an den Arbeitstagen am Arbeitsort übernachtet, begründet nach EStR 2000 Rz 24 dadurch einen inländischen Aufenthalt. Dauert dieser länger als sechs Monate an, tritt unbeschränkte Steuerpflicht kraft gewöhnlichen Aufenthalts nach EStR 2000 Rz 23 ein."" (Referenzantwort gestützt auf EStR 2000 Rz 23 und Rz 24)","Conclusion matches reference (yes). Cites a non-existent ""§ 2 Abs 11 EStG"" instead of the correct EStR 2000 Rz 23/24 or BAO § 26 Abs. 2 — flagged as hallucinated paragraph reference. Does not mention the 6-month threshold. Otherwise reasoning is acceptable."
25,a4feb4451a1c980b,Welche körperschaftsspezifischen Aufwendungen gelten nach § 11 KStG als Betriebsausgaben?,2.7. Abgleichsfähige Aufwendungen ( 11 KStG) Neben den nach den Gewinnermittlu ngsvorschriften des EStG abzugsfähigen Betriebsausgaben sind,"Aufwendungen im Zusammenhang mit Einlagen nach § 8 Abs. 1 KStG (Z 1), Zuführungen zu versicherungstechnischen Rückstellungen bei Versicherungsunternehmen (Z 3) sowie Zinsen für die Fremdfinanzierung des Erwerbs von Kapitalanteilen iSd § 10 (Z 4).",§ 11 Abs. 1 KStG 1988,1,0,0,1,2,0,"""§ 11. (1) Bei der Gewinnermittlung gelten auch folgende Aufwendungen als Betriebsausgaben im Sinne des Einkommensteuergesetzes 1988: 1. Bei unter § 7 Abs. 3 fallenden Steuerpflichtigen die von ihnen zu tragenden Aufwendungen, soweit sie mit Einlagen und Beiträgen (§ 8 Abs. 1) in unmittelbarem wirtschaftlichen Zusammenhang stehen. ... 3. Bei Versicherungsunternehmen die Zuführungen zu versicherungstechnischen Rückstellungen und Rücklagen ... 4. Die Zinsen in Zusammenhang mit der Fremdfinanzierung des Erwerbes von Kapitalanteilen im Sinne des § 10, soweit sie zum Betriebsvermögen zählen."" (§ 11 Abs. 1 KStG 1988)","Answer is a truncated fragment (""Abgleichsfähige Aufwendungen ... Neben den nach den Gewinnermittlungsvorschriften des EStG abzugsfähigen Betriebsausgaben sind"") — does not enumerate the items (Z 1, 3, 4) listed in the reference (§ 11 Abs. 1 KStG). Incomplete and unintelligible."
26,a502bd5687e251e7,Kann jemand nach österreichischem Steuerrecht mehr als einen Wohnsitz haben?,"Ja, nach österreichischem Steuerrecht kann eine natürliche Person durchaus mehr als einen Wohnsitz haben. Entscheidend ist, ob die Person eine Wohnung tatsächlich derart benutzt, dass sie als Mittelpunkt ihrer Lebensinteressen anzusehen ist. Das kann auch bei mehreren Wohnungen gleichzeitig der Fall sein. Liegen danach mehrere Wohnsitze vor, wird derjenige Ort als steuerlicher Wohnsitz behandelt, an dem sich die überwiegenden Lebensinteressen befinden. Dies beurteilt sich anhand von Tatsachen wie dem Ort der Familie, des regelmäßigen Aufenthalts oder der beruflichen Tätigkeit. Bei unklarer Lage kann es zu einer Doppelansässigkeit kommen, die dann durch ein Doppelbesteuerungsabkommen aufgelöst werden muss.",Ja. Eine natürliche Person kann nach EStR 2000 Rz 23 mehrere Wohnsitze haben.,EStR 2000 Rz 23,4,3,4,5,5,0,"""Eine natürliche Person kann nach EStR 2000 Rz 23 mehrere Wohnsitze haben."" (Referenzantwort, gestützt auf EStR 2000 Rz 23)","Conclusion correct. Goes beyond reference by introducing Mittelpunkt der Lebensinteressen / DBA-Doppelansässigkeit; these are common-sense extensions but the answer wrongly implies that for tax law one Wohnsitz is ""the"" steuerlicher Wohnsitz — under EStG more than one Wohnsitz coexist for unbeschränkte Steuerpflicht. Otherwise plausible. Slight overreach explains 4-correctness/3-grounded."
27,a529708caa4dd691,Zählt Krankengeld auch als Arbeitslohn?,"Schuldführung von der Kostensteuer ist, die Ermittelvermögen und Grundstellten. Die Verkommunft für diese Einheitliche Unternehmenschaften zu erfolgende Anschutzteiligkeit (§ 3 Abs 1 Ab 2 A2). Der Gesellsatz des Bundesweiszuges bei den Rechtsgesetzlich sind eine Gewinnanntnis kann nicht in dem Jahren im Förder angebendigen werden; dass es untersammen mit berufrechtige Betrifugellnach","Ja. Krankengeld aus der gesetzlichen Krankenversicherung gilt als Einkünfte aus nichtselbständiger Arbeit, wenn es wegen eines bestehenden oder früheren Dienstverhältnisses bezogen wird. Besteht kein Zusammenhang mit einem Dienstverhältnis (z. B. Krankengeld für Selbständige), ist es keine Einkunft aus nichtselbständiger Arbeit und fällt unter § 32 Z 1 EStG 1988.",§ 25 Abs. 1 Z 1 lit. c–e EStG 1988 (i.V.m. § 32 Z 1 EStG 1988),0,0,0,0,0,0,"""§ 25. (1) Einkünfte aus nichtselbständiger Arbeit (Arbeitslohn) sind: 1. a) Bezüge und Vorteile aus einem bestehenden oder früheren Dienstverhältnis. ... c) Bezüge aus einer gesetzlichen Kranken- oder Unfallversorgung. ... Bezüge gemäß lit. c bis e, ausgenommen solche aus einer Unfallversorgung, sind nur dann Einkünfte aus nichtselbständiger Arbeit, wenn sie auf Grund eines bestehenden oder früheren Dienstverhältnisses zufließen. In allen anderen Fällen sind diese Bezüge nach § 32 Z 1 zu erfassen."" (§ 25 Abs. 1 Z 1 lit. c–e EStG 1988)",Output is unintelligible OCR-like noise — does not address the question at all. No content; therefore no fabricated claim either.
28,a5492775960ef1a7,Die Ehefrau eines Gesellschafters einer offenen Gesellschaft (OG) gewährt der OG aus ihrem privaten Ersparten ein Darlehen und erhält dafür Zinsen. Die Ehefrau selbst ist nicht an der OG beteiligt. Handelt es sich bei den Zinsen um Einkünfte aus Gewerbebetrieb nach § 23 Z 2 EStG?,"23 Z 2 EStG? Antwort: Ja. Die Ehefrau hat als Ehegattin des Gesellschafters eine Einkommens- oder Vermögensforderung gegenüber dem Gesellschafter. Sie kann daher auch gegen den Gesellschafter einen Anspruch auf Zinsen erheben. Das gilt auch für die Zinsen, die der Gesellschafter in der Höhe von Fr. 10'000.-- im Jahre 1985 bezahlt hat. Der Gesellschafter hat somit einen Anspruch auf Zinsen, wenn er die Ehefrau zur Zeit des Vertragsabschlusses als Ehegatte verpflichtet hatte.","Nein. § 23 Z 2 EStG erfasst ausschließlich Vergütungen für die Hingabe von Darlehen durch Gesellschafter, die als Mitunternehmer anzusehen sind. Da die Ehefrau eine gesellschaftsfremde Dritte ist, fällt die Darlehensgewährung nicht unter § 23 EStG, sondern führt bei ihr regulär zu Einkünften aus Kapitalvermögen.",§ 23 EStG 1988,1,1,1,2,3,0,"""§ 23. Einkünfte aus Gewerbebetrieb sind: 1. Einkünfte aus einer selbständigen, nachhaltigen Betätigung, die mit Gewinnabsicht unternommen wird und sich als Beteiligung am allgemeinen wirtschaftlichen Verkehr darstellt, wenn die Betätigung weder als Ausübung der Land- und Forstwirtschaft noch als selbständige Arbeit anzusehen ist. 2. Gewinnanteile der Gesellschafter von Gesellschaften, bei denen die Gesellschafter als Mitunternehmer anzusehen sind ... sowie die Vergütungen, die die Gesellschafter von der Gesellschaft für ihre Tätigkeit im Dienste der Gesellschaft, für die Hingabe von Darlehen oder für die Überlassung von Wirtschaftsgütern bezogen haben."" (§ 23 EStG 1988)","Wrong conclusion (Ja instead of Nein). § 23 Z 2 EStG erfasst nur Vergütungen an Gesellschafter, die Mitunternehmer sind; gesellschaftsfremde Dritte (Ehefrau) fällt nicht darunter. Conclusion opposite to reference."
29,a5a74c79e513b96b,"Frau Berger erhält im April 2026 einen Airdrop von 10.000 Token des Projekts ‚AlphaDAO'. Bedingung für den Airdrop war, dass sie in der Vergangenheit das AlphaDAO-Protokoll genutzt hatte. Sie hat keinerlei Gegenleistung erbracht und keinen Token-Kauf getätigt. Der Token hat zum Zeitpunkt der Gutschrift auf ihrer Wallet einen Marktwert von EUR 2 pro Token. Frau Berger hält die Token sechs Monate und verkauft sie dann zu EUR 5 pro Token. Wie ist der Airdrop steuerlich einzuordnen, und wie berechnet sich der Veräußerungsgewinn?",Der Airdrop ist kein Einkommen. Er ist nur ein Vorteil für die Verwendung des AlphaDAO-Protokolls. Der Veräußerungsgewinn ist steuerfrei. Er wird in der Steuererklärung als Einkommen angegeben. Der Marktwert wird als Einkommen berücksichtigt. Der Airdrop,"Ein Airdrop ohne Gegenleistung stellt keinen Anschaffungsvorgang dar. Die erhaltenen Token haben Anschaffungskosten von null Euro (§ 27b Abs. 3 EStG). Im Unterschied zu Staking-Rewards, die als laufende Einkünfte aus der Überlassung von Kryptowährungen erfasst werden, ist ein reiner Airdrop mangels zugrunde liegender Überlassung oder sonstiger Leistung nicht als laufende Einkünfte gemäß § 27b Abs. 2 EStG zu qualifizieren. Der Airdrop selbst löst im Zeitpunkt des Zuflusses noch keine Einkommensteuerpflicht aus. Erst die spätere Veräußerung ist steuerpflichtig: Veräußerungserlös 10.000 × EUR 5 = EUR 50.000, Anschaffungskosten EUR 0, Veräußerungsgewinn EUR 50.000, steuerpflichtig mit 27,5 % (§ 27a Abs. 1 EStG).",§ 27b Abs. 3 EStG; § 27b Abs. 1 EStG; § 27a Abs. 1 EStG,1,1,1,2,3,1,"""§ 27b. (1) Einkünfte aus Kryptowährungen ... sind laufende Einkünfte (Abs. 2) und Einkünfte aus realisierten Wertsteigerungen (Abs. 3). (2) Zu den laufenden Einkünften aus Kryptowährungen gehören 1. Entgelte für die Überlassung von Kryptowährungen und 2. der Erwerb von Kryptowährungen durch einen technischen Prozess ... Keine laufenden Einkünfte stellen die erworbenen Kryptowährungen dar, wenn ... die Kryptowährungen unentgeltlich (Airdrops) ... übertragen werden ... Die in diesen Fällen erworbenen Kryptowährungen sind nach Maßgabe des Abs. 3 zu besteuern."" (§ 27b Abs. 1–3 EStG 1988)
""§ 27a. (1) Einkünfte aus Kapitalvermögen unterliegen 1. im Fall von Geldeinlagen ... einem besonderen Steuersatz von 25%, 2. in allen anderen Fällen einem besonderen Steuersatz von 27,5%."" (§ 27a Abs. 1 EStG 1988)","Wrong on the central legal point: states the subsequent Veräußerungsgewinn is ""steuerfrei"". Per § 27b Abs. 3 i.V.m. § 27a Abs. 1 EStG the Veräußerung is steuerpflichtig (27,5%). Hallucinated tax-free outcome that contradicts the cited EStG provisions."
30,a5f22ebc2e5aa48a,„Ein Unternehmer beauftragt im eigenen Namen eine IT-Dienstleistung bei einem Dritten und stellt sie seinem Kunden weiter in Rechnung. Wie wird diese Leistung behandelt?“,"Die Leistung muss vom Unternehmer in Rechnung gestellt werden, unabhängig von der Höhe der Leistung. Der Steuerabzug erfolgt in Höhe der zu bezahlenden Umsatzsteuer.","„Als Besorgungsleistung, wobei die Rechtsvorschriften der besorgten IT-Leistung entsprechend anzuwenden sind.“",§ 3a Abs. 4 UStG 1994,1,1,1,1,3,0,"""(4) Besorgt ein Unternehmer eine sonstige Leistung, so sind die für die besorgte Leistung geltenden Rechtsvorschriften auf die Besorgungsleistung entsprechend anzuwenden."" (§ 3a Abs. 4 UStG 1994)",Does not identify the legal concept (Besorgungsleistung iSd § 3a Abs. 4 UStG) and does not address the actual tax treatment. Vague statement about Rechnung/Steuerabzug; not the asked-for legal classification.
31,a5f7eb9ee6d92583,"Ein Autoliebhaber kauft über einen Zeitraum von zwei Jahren systematisch fünf unrestaurierte Oldtimer auf, setzt diese in einer gemieteten Werkstatt unter Einsatz von Fachpersonal instand und verkauft die fahrbereiten Fahrzeuge anschließend mit beträchtlichem Gewinn über spezialisierte Online-Auktionen. Er beabsichtigt, diesen Zyklus fortzusetzen, um daraus seinen Lebensunterhalt zu bestreiten. Ist diese Tätigkeit als private Vermögensverwaltung oder als Gewerbebetrieb gemäß § 23 EStG einzustufen?","Die Frage ist komplex und erfordert eine sorgfältige Analyse. Ich werde mich bemühen, eine präzise Antwort zu geben.

Die Tätigkeit des Autoliebhabers kann sowohl als private Vermögensverwaltung als auch als Gewerbebetrieb gemäß § 23 EStG eingestuft werden. Hier sind die Gründe:

**Private Vermögensverwaltung:**

* Der Autoliebhaber kauft die Oldtimer für seinen persönlichen Besitz und nicht für den Verkauf.
* Er setzt die Fahrzeuge instand, um sie fahrbereit zu machen, was ein persönliches Interesse an der Erhaltung des Wertes der Fahrzeuge ist.
* Der Verkauf der Fahrzeuge über Online-Auktionen kann als eine Möglichkeit angesehen werden, den Wert der Fahrzeuge zu maximieren und somit den persönlichen Besitz zu erhalten.

**Gewerbebetrieb gemäß § 23 EStG:**

* Der Autoliebhaber kauft die Oldtimer systematisch über einen Zeitraum von zwei Jahren, was auf eine planmäßige","Es liegt ein Gewerbebetrieb gemäß § 23 EStG vor. Die Tätigkeit wird selbstständig, nachhaltig (geplanter, wiederkehrender Zyklus) und mit eindeutiger Gewinnerzielungsabsicht (Sicherung des Lebensunterhalts) ausgeübt. Durch die aktive Wertsteigerung (Restaurierung) und den systematischen Verkauf am Markt liegt eine Beteiligung am allgemeinen wirtschaftlichen Verkehr vor, die über eine bloße private Sammlertätigkeit hinausgeht.",§ 23 EStG 1988,3,3,3,3,4,0,"""§ 23. Einkünfte aus Gewerbebetrieb sind: 1. Einkünfte aus einer selbständigen, nachhaltigen Betätigung, die mit Gewinnabsicht unternommen wird und sich als Beteiligung am allgemeinen wirtschaftlichen Verkehr darstellt, wenn die Betätigung weder als Ausübung der Land- und Forstwirtschaft noch als selbständige Arbeit anzusehen ist. 2. Gewinnanteile der Gesellschafter von Gesellschaften, bei denen die Gesellschafter als Mitunternehmer anzusehen sind ... sowie die Vergütungen, die die Gesellschafter von der Gesellschaft für ihre Tätigkeit im Dienste der Gesellschaft, für die Hingabe von Darlehen oder für die Überlassung von Wirtschaftsgütern bezogen haben."" (§ 23 EStG 1988)","Identifies the relevant criteria of § 23 EStG (Selbständigkeit, Nachhaltigkeit, Gewinnabsicht) but answer is truncated and does not commit to the correct conclusion (Gewerbebetrieb). Reference clearly concludes Gewerbebetrieb."
32,a6a8f8fc274ffabd,Darf Österreich bei der Befreiungsmethode die nach dem DBA steuerfreien Auslandseinkünfte für die Ermittlung des Steuersatzes auf die Inlandseinkünfte berücksichtigen?,"Ja. Österreich darf bei der Befreiungsmethode die nach dem DBA steuerfreien Auslandseinkünfte zur Ermittlung des Progressionsvorbehalts bzw. des Steuersatzes auf die inländischen Einkünfte berücksichtigen, sofern das DBA dies vorsieht oder die innerstaatliche Regelung anwendbar ist.

Rechtsgrundlage: Art. 23A OECD-MA bzw. die jeweiligen DBA-Bestimmungen; innerstaatlich insbesondere § 33 Abs. 1 EStG 1988 (Progressionsvorbehalt).","Ja, nach EStR 2000 Rz 189. Bei der Befreiungsmethode sind die ausländischen Einkünfte zwar selbst steuerfrei, sie dürfen aber regelmäßig im Rahmen des Progressionsvorbehalts bei der Ermittlung des auf die Inlandseinkünfte anzuwendenden Durchschnittssteuersatzes berücksichtigt werden.",EStR 2000 Rz 189,4,3,4,4,4,0,"""Bei der Befreiungsmethode sind die ausländischen Einkünfte zwar selbst steuerfrei, sie dürfen aber regelmäßig im Rahmen des Progressionsvorbehalts bei der Ermittlung des auf die Inlandseinkünfte anzuwendenden Durchschnittssteuersatzes berücksichtigt werden."" (Referenzantwort gestützt auf EStR 2000 Rz 189)
""§ 33. (10) ... Progressionsvorbehalt ..."" (vgl. § 33 EStG 1988)","Correct conclusion (yes); correctly invokes Progressionsvorbehalt and DBA-Bestimmungen. Reference cites EStR 2000 Rz 189 specifically; LLM cites Art. 23A OECD-MA + § 33 Abs. 1 EStG, which is plausible but not the source provided. Slightly over-grounded relative to the specific source."
33,a72e2c06ce04302c,Ein Arzt betreibt seine Ordination als Einzelunternehmer und erzielt daraus Einkünfte. Liegen Einkünfte aus Gewerbebetrieb vor?,"Ja. Die Tätigkeit eines Arztes als Heilbehandlung ist ein Gewerbebetrieb im Sinne des § 23 Z 1 EStG 1988. Die Einkünfte aus der ärztlichen Tätigkeit sind Einkünfte aus Gewerbebetrieb (§ 23 Z 1 EStG), sofern die Tätigkeit nicht als selbständige Arbeit (§ 22 EStG) einzustufen wäre. Die Unterscheidung zwischen selbständiger Arbeit und Gewerbebetrieb ist entscheidend für die Anwendung der verschiedenen Einkunftsarten und die damit verbundenen Steuermessgrößen (Gewinnabschluss vs. Einkommensteuererklärung).","Nein. § 23 Z 1 schließt selbständige Arbeit ausdrücklich aus, Ärzte zählen zu den freien Berufen im Sinne des § 22, die Betriebsform als Einzelunternehmer ändert die Einkunftsart nicht.",§ 23 EStG 1988,1,2,1,3,4,1,"""§ 23. Einkünfte aus Gewerbebetrieb sind: 1. Einkünfte aus einer selbständigen, nachhaltigen Betätigung, die mit Gewinnabsicht unternommen wird und sich als Beteiligung am allgemeinen wirtschaftlichen Verkehr darstellt, wenn die Betätigung weder als Ausübung der Land- und Forstwirtschaft noch als selbständige Arbeit anzusehen ist. 2. Gewinnanteile der Gesellschafter von Gesellschaften, bei denen die Gesellschafter als Mitunternehmer anzusehen sind ... sowie die Vergütungen, die die Gesellschafter von der Gesellschaft für ihre Tätigkeit im Dienste der Gesellschaft, für die Hingabe von Darlehen oder für die Überlassung von Wirtschaftsgütern bezogen haben."" (§ 23 EStG 1988)","Wrong conclusion. § 23 Z 1 schließt selbständige Arbeit aus; Ärzte sind freiberuflich tätig (§ 22 Z 1 EStG). LLM concludes ""Ja, Gewerbebetrieb"", opposite to reference. The qualifying clause (""sofern die Tätigkeit nicht als selbständige Arbeit ... einzustufen wäre"") is a hallucination of legal logic — Ärzte ARE selbständige Arbeit, hence not § 23."
34,a76c04ebe0c09995,Ein in Ungarn ansässiger Arbeitnehmer arbeitet vorübergehend physisch in Österreich. Können seine Arbeitslohneinkünfte in Österreich beschränkt steuerpflichtig sein?,"Ja, die Arbeitslohneinkünfte eines in Ungarn ansässigen Arbeitnehmers, der vorübergehend in Österreich arbeitet, können nach den Bestimmungen des österreichischen Einkommensteuergesetzes (EStG) und des internationalen Steuerrechts beschränkt steuerpflichtig sein.

Gemäß § 1 Abs. 2 EStG sind natürliche Personen, die im Inland Einkünfte erzielen, steuerpflichtig. Die beschränkte Steuerpflicht kann sich auf bestimmte Einkunftsarten beziehen, insbesondere auf Einkünfte aus nichtselbständiger Arbeit. Wenn ein Arbeitnehmer vorübergehend in Österreich tätig ist, wird geprüft, ob die im Ausland ansässige Person in Österreich einen steuerpflichtigen Bezug hat.

Die beschränkte Steuerpflicht wird auch durch international geltende Abkommen zur Vermeidung der Doppelbesteuerung (DBA) geregelt. Österreich hat mit Ungarn ein DBA abgeschlossen. Dieses regelt, in welchem Land die Einkünfte aus unselbständiger Arbeit versteuert werden.

Nach Art. 15 des DBA zwischen Österreich und Ungarn sind die Einkünfte aus unselbständiger Arbeit grundsätzlich im Ansässigkeitsstaat (in diesem Fall Ungarn) steuerpflichtig, es sei denn, die Arbeit wird im anderen Vertragsstaat (Österreich) ausgeübt und bestimmte Bedingungen sind erfüllt, wie z.B. die Dauer des Aufenthalts (in der Regel eine kurzfristige Tätigkeit von weniger als 183 Tagen innerhalb eines Jahres).

Zusammenfassend: Wenn der ungarische Arbeitnehmer für einen beschränkten Zeitraum in Österreich arbeitet und die Bedingungen des DBA erfüllt sind, können seine Arbeitslohneinkünfte in Österreich beschränkt steuerpflichtig sein. Dies bedeutet, dass er in Österreich Einkommensteuer auf die inländischen Einkünfte zu entrichten hat.","Ja. Nach § 98 Abs. 1 Z 4 EStG 1988 und EStR 2000 Rz 7951 sind Einkünfte aus nichtselbständiger Arbeit beschränkt auch steuerpflichtig, wenn die Arbeit im Inland ausgeübt oder verwertet wird oder worden ist.",§ 98 Abs. 1 Z 4 EStG 1988;EStR 2000 Rz 7951,4,3,4,5,4,0,"""4. Einkünfte aus nichtselbständiger Arbeit (§ 25), die – im Inland oder auf österreichischen Schiffen ausgeübt oder verwertet wird oder worden ist (Z 2), – aus inländischen öffentlichen Kassen ..."" (§ 98 Abs. 1 Z 4 EStG 1988)",Correct conclusion (yes). Reference cites § 98 Abs. 1 Z 4 EStG; LLM cites § 1 Abs. 2 EStG (incorrect anchor for beschränkte Steuerpflicht — that should be § 1 Abs. 3 / § 98) and adds DBA Art. 15 reasoning. Conclusion is correct but legal anchoring is imprecise.
35,a814177e1db59bf1,Wie lange muss die finanzielle Verbindung zu einem Gruppenmitglied bestehen?,Die Finanzverbindung zu einem Gruppenmitglied muss mindestens 12 Monate bestehen.,Während des gesamten Wirtschaftsjahres des jeweiligen Gruppenmitgliedes (§ 9 Abs. 5 KStG).,§ 9 Abs. 5 KStG 1988,1,1,1,2,5,1,"""(5) Die finanzielle Verbindung im Sinne des Abs. 4 muss während des gesamten Wirtschaftsjahres des jeweiligen Gruppenmitgliedes vorliegen."" (§ 9 Abs. 5 KStG 1988)","Wrong: reference and § 9 Abs. 5 KStG require Bestehen during the entire Wirtschaftsjahr of the Gruppenmitglied, not ""12 Monate"" as a fixed duration. The ""12 Monate"" figure is fabricated."
36,a8438f4737f31cd8,Ein in Bayern ansässiger Landwirt bewirtschaftet zusätzlich Ackerflächen in Österreich. Sind die daraus erzielten Einkünfte in Österreich beschränkt steuerpflichtig?,"Ja, die Einkünfte sind in Österreich beschränkt steuerpflichtig, da der Landwirt in Bayern ansässig ist und die Ackerflächen in Österreich bewirtschaftet.",Ja. Einkünfte aus einer im Inland betriebenen Land- und Forstwirtschaft unterliegen nach § 98 Abs. 1 Z 1 EStG 1988 und EStR 2000 Rz 7911 der beschränkten Steuerpflicht. Maßgeblich ist die Belegenheit der bewirtschafteten Grundstücke im Inland.,§ 98 Abs. 1 Z 1 EStG 1988;EStR 2000 Rz 7911,4,3,3,3,5,0,"""§ 98. (1) Der beschränkten Einkommensteuerpflicht (§ 1 Abs. 3) unterliegen nur die folgenden Einkünfte: 1. Einkünfte aus einer im Inland betriebenen Land- und Forstwirtschaft (§ 21)."" (§ 98 Abs. 1 Z 1 EStG 1988)",Correct conclusion (yes). Brief; does not cite specific § 98 Abs. 1 Z 1 EStG provision — reasoning relies on common sense rather than the statutory anchor in the reference.
37,a8d48904b45c905e,"Kann eine Person die Zuzugsbegünstigung erhalten, wenn sie erst vor weniger als fünf Jahren aus Österreich weggezogen ist und nun zurückkehrt?","Die Person die Zuzangsüchtigkeit erhalten kann, wenn sie erstvor wenigeralsixjährigen Ablaufzeit aus Österreich weggeworfen ist und nun zurückkehrt, solange es keinen Auslandszuschlag für den Rückzug gibt oder der Auslandsabgabenbetrag nachvollziehbar ist.)","Nein. Liegen zwischen Wegzug und erneutem Zuzug weniger als fünf Jahre, ist die Zuzugsbegünstigung ausgeschlossen.",§ 103 Abs. 2 EStG 1988,0,0,0,0,1,0,"""(2) Abs. 1 ist auf Personen, die den Mittelpunkt ihrer Lebensinteressen aus Österreich wegverlegt haben, nur dann anzuwenden, wenn zwischen diesem Wegzug und dem Zuzug mehr als zehn Jahre verstrichen sind. Für Abs. 1a ist eine Frist von fünf Jahren maßgeblich."" (§ 103 Abs. 2 EStG 1988)","Output is unintelligible. Note also that the reference answer states ""weniger als fünf Jahre"" while § 103 Abs. 2 EStG establishes 10 years for Abs. 1 and 5 years only for Abs. 1a (Wissenschaft/Forschung); reference may itself be incomplete."
38,a8d840323f382fb7,"Ein Unternehmer bewirtet einen wichtigen Geschäftspartner in einem Restaurant. Die Bewirtung dient aus seiner Sicht dem Unternehmen; die Aufwendung ist jedoch ertragsteuerlich nach den einschlägigen Abzugsverboten nicht abzugsfähig. Für die Restaurantrechnung stand ihm bei Bezug ein teilweiser Vorsteuerabzug zu. Kann insoweit ein steuerbarer Eigenverbrauch vorliegen, obwohl die Leistung betrieblich veranlasst war?","**Sachverhalt:**  
Ein Unternehmer bewirtet einen Geschäftspartner in einem Restaurant. Die Bewirtung dient betrieblich, ist aber ertragsteuerlich nicht abzugsfähig (z.B. wegen der 70%-Regelung bei Bewirtungskosten). Für die Restaurantrechnung stand ihm jedoch ein teilweiser Vorsteuerabzug zu.

**Fragestellung:**  
Kann insoweit ein steuerbarer Eigenverbrauch vorliegen, obwohl die Leistung betrieblich veranlasst war?

---

### 1. Grundsätzliche Ausgangslage

- **Ertragsteuerliche Behandlung:**  
  Bewirtungskosten sind grundsätzlich nur zu 70 % als Betriebsausgaben abzugsfähig (§ 4 Abs. 5 Nr. 2 EStG). Der nicht abzugsfähige Anteil ist ertragsteuerlich nicht abzugsfähig.

- **Umsatzsteuerliche Behandlung:**  
  Der Unternehmer hat für die Restaurantrechnung Vorsteuer gezogen, soweit die Bewirtung betrieblich veranlasst ist.

---

### 2. Steuerbarer Eigenverbrauch im Umsatzsteuerrecht

- **Eigenverbrauch** liegt vor, wenn ein Unternehmer Gegenstände oder Leistungen für private Zwecke oder für Zwecke außerhalb seines Unternehmens verwendet (§","Ja. § 1 Abs. 1 Z 2 lit. a UStG erfasst auch Aufwendungen, die Zwecken des Unternehmens dienen, aber nach den dort genannten ertragsteuerlichen Vorschriften nicht abzugsfähig sind; die Besteuerung setzt nur voraus, dass der Gegenstand oder seine Bestandteile zu einem vollen oder teilweisen Vorsteuerabzug berechtigt haben.",§ 1 Abs. 1 Z 2 lit. a UStG 1994,3,2,3,3,4,1,"""§ 1. (1) Der Umsatzsteuer unterliegen die folgenden Umsätze: ... 2. der Eigenverbrauch im Inland. Eigenverbrauch liegt vor, a) soweit ein Unternehmer Ausgaben (Aufwendungen) tätigt, die Leistungen betreffen, die Zwecken des Unternehmens dienen, und nach § 20 Abs. 1 Z 1 bis 5 des Einkommensteuergesetzes 1988 oder nach § 12 Abs. 1 Z 1 bis 5 des Körperschaftsteuergesetzes 1988 nicht abzugsfähig sind. ... Eine Besteuerung erfolgt nur, wenn der Gegenstand oder seine Bestandteile zu einem vollen oder teilweisen Vorsteuerabzug berechtigt haben;"" (§ 1 Abs. 1 Z 2 lit. a UStG 1994)","Truncated analysis that confuses German and Austrian law. The ""70%-Regelung"" / ""§ 4 Abs. 5 Nr. 2 EStG"" is German law, not Austrian (in Austria Bewirtungskosten Regelung steckt in § 20 Abs. 1 Z 3 EStG / § 12 KStG; abzugsfähig ist 50%, nicht 70%). Hallucinated cross-jurisdictional citation."
39,a8d8f631479ee331,Was sind Einnahmen nach § 15 EStG?,"Bei Betrieben gewerblicher Art, rechnungslegungspflichtigen Erwerbs- und Wirtschaftsgenossenschaften und vergleichbaren unbeschränkt steuerpflichtigen ausländischen Körperschaften ist der Gewinn nach § 5 EStG zu ermitteln.","Geld oder geldwerte Vorteile, die dem Steuerpflichtigen im Rahmen der Einkunftsarten zufließen.",EStG § 15,1,1,0,1,3,1,"""§ 15. (1) Einnahmen liegen vor, wenn dem Steuerpflichtigen Geld oder geldwerte Vorteile im Rahmen der Einkunftsarten des § 2 Abs. 3 Z 4 bis 7 zufließen."" (§ 15 Abs. 1 EStG 1988)","Answer cites § 5 EStG content (Gewinnermittlung) which is unrelated to § 15 (Einnahmen). Wrong provision content, fabricated claim about § 15."
40,a9186ae5b6b4ce48,Ab wann treten die geänderten Selbstberechnungsregeln (BGBl. I Nr. 97/2025) in Kraft?,"Die geänderten Selbstberechnungsregeln treten gemäß BGBl. I Nr. 97/2025 mit dem 1. Jänner 2026 in Kraft. Dies wird durch § 131 EStG 1988, der die Inkrafttretensbestimmungen für Gesetzesänderungen enthält, geregelt.","Grundsätzlich ab 1. April 2026. Der Finanzminister kann das Inkrafttreten aber per Verordnung bis 1. Jänner 2027 verschieben, falls die technischen Voraussetzungen noch nicht gegeben sind (§ 18 Abs. 2x GrEStG).",§ 18 Abs. 2x GrEStG 1987,1,1,1,2,4,1,"""(2x) ... § 7 Abs. 3, § 10, § 11 samt Überschrift, § 12, § 13, § 15, § 16 samt Titel, jeweils in der Fassung des Bundesgesetzes BGBl. I Nr. 97/2025, treten mit 1. April 2026 in Kraft, wobei der Bundesminister für Finanzen ermächtigt wird, durch Verordnung das Inkrafttreten dieser Bestimmungen bis zum 1. Jänner 2027 zu verschieben, wenn die notwendigen technischen Voraussetzungen für die Vollziehung dieser Bestimmungen noch nicht gegeben sind."" (§ 18 Abs. 2x GrEStG 1987)","Wrong date (1. Jänner 2026); correct date is 1. April 2026 with optional Verschiebung bis 1. Jänner 2027. Hallucinated citation ""§ 131 EStG 1988""; correct anchor is § 18 Abs. 2x GrEStG."
41,a930fc31abe8218f,Eine in Deutschland ansässige GmbH schließt das Umsatzgeschäft über eine Ware über ihre im Inland gelegene Zweigniederlassung in eigenem Namen ab; die Ware wird anschließend in die Schweiz verbracht. Ist diese Zweigniederlassung ausländischer Abnehmer iSd § 7?,"Beantworte die steuerrechtliche Frage. Nutze den bereitgestellten Gesetzestext als Hauptinformationsquelle, ziehe aber bei Bedarf auch dein allgemeines Wissen hinzu.

Frage:
Eine in Deutschland ansässige GmbH schließt das Umsatzgeschäft über eine Ware über ihre im Inland gelegene Zweigniederlassung in eigenem Namen ab; die Ware wird anschließend in die Schweiz verbracht. Ist diese Zweigniederlassung ausländischer Abnehmer iSd § 7?

Gesetzestext:
Fällen keine Veräußerung vor: – Bei der Übertragung auf ein anderes Depot desselben Steuerpflichtigen bei derselben depotführenden Stelle. – Bei der Übertragung auf ein Depot desselben Steuerpflichtigen bei einer inländischen depotführenden Stelle, wenn der Steuerpflichtige die übertragende depotführende Stelle beauftragt, der übernehmenden depotführenden Stelle die Anschaffungskosten mitzuteilen. – Bei der Übertragung von einer inländischen depotführenden Stelle auf ein Depot desselben Steuerpflichtigen bei einer ausländischen depotführenden Stelle, wenn der Steuerpflichtige die übertragende 

Antwort:",Nein. Eine im Inland befindliche Zweigniederlassung ist nach § 7 Abs. 2 lit. b nicht ausländischer Abnehmer; daher trägt § 7 Abs. 1 Z 2 nicht.,§ 7 Abs. 1 Z 2 UStG 1994; § 7 Abs. 2 lit. b UStG 1994,0,0,0,0,1,0,"""(2) Ausländischer Abnehmer ist a) ein Abnehmer, der keinen Wohnsitz (Sitz) im Inland hat, b) eine Zweigniederlassung eines im Inland ansässigen Unternehmers, die ihren Sitz nicht im Inland hat, wenn sie das Umsatzgeschäft im eigenen Namen abgeschlossen hat. Eine im Inland befindliche Zweigniederlassung eines Unternehmers ist nicht ausländischer Abnehmer."" (§ 7 Abs. 2 UStG 1994)",No actual answer produced — output is the system/prompt template echoed back without a substantive response.
42,a9573985380031c1,Wird die vom Käufer zu zahlende Grunderwerbsteuer selbst auch noch Teil der Bemessungsgrundlage (Gegenleistung)?,"zu raten. Benutzerfrage: Wird die vom Käufer zu zahlende Grunderwerbsteuer selbst auch noch Teil der Bemessungsgrundlage (Gegenleistung)? Antwort: Grundsaetzlich gilt: bei Paragraphen 3 bis 7 Einkommen aus Gewerbebetrieb ins steuerliche Einkommen aus nichtselbstaendiger Arbeit fallen die bestimmten Elemente getrennt und danach im Gesamtzusammenhang zu wuerdigen. Bei einem solchen verschachtelten Sachverhalt sind die einzelnen Elemente getrennt und danach im Gesamtzusammenhang zu wuerdigen. Im Einzelfall koennen weitere Tatbestandsmerkmale, Ausnahmen oder Beguenstigungen massgeblich werden.","Nein. Gemäß § 5 Abs. 4 GrEStG wird die Grunderwerbsteuer, die für den zu besteuernden Erwerbsvorgang zu entrichten ist, der Gegenleistung weder hinzugerechnet noch von ihr abgezogen.",§ 5 Abs. 4 GrEStG 1987,0,0,0,0,1,0,"""(4) Die Grunderwerbsteuer, die für den zu besteuernden Erwerbsvorgang zu entrichten ist, wird der Gegenleistung weder hinzugerechnet noch von ihr abgezogen."" (§ 5 Abs. 4 GrEStG 1987)",Output is unintelligible and off-topic; does not state the Nein/§ 5 Abs. 4 GrEStG conclusion.
43,aa3ee552803ec8e2,"""An welchem Ort ist eine Vermittlungsleistung an einen Nichtunternehmer erbracht?""","Eine Vermittlungsleistung an einen Nichtunternehmer ist grundsätzlich dort erbracht, wo der leistungsempfangende Nichtunternehmer seinen Wohnsitz oder gewöhnlichen Aufenthalt hat (§ 3a Abs. 5 Z 3 UStG 1994). Wenn der leistende Unternehmer im Gemeinschaftsgebiet weder sein Unternehmen betreibt noch eine Betriebsstätte hat, kann er unter bestimmten Voraussetzungen die Sonderregelung für Drittlandsunternehmer in Anspruch nehmen (§ 25a UStG 1994).","""Eine Vermittlungsleistung an einen Nichtunternehmer im Sinne des Abs. 5 Z 3 wird an dem Ort erbracht, an dem der vermittelte Umsatz ausgeführt wird.""",§ 3a Abs. 8 UStG 1994,1,1,1,3,4,1,"""(8) Eine Vermittlungsleistung an einen Nichtunternehmer im Sinne des Abs. 5 Z 3 wird an dem Ort erbracht, an dem der vermittelte Umsatz ausgeführt wird."" (§ 3a Abs. 8 UStG 1994)","Wrong rule: per § 3a Abs. 8 UStG der Leistungsort einer Vermittlungsleistung an Nichtunternehmer ist der Ort des vermittelten Umsatzes, nicht der Wohnsitz des Empfängers. LLM also conflates with elektronische Leistungen (Abs. 13). Citation of § 3a Abs. 5 Z 3 is misapplied."
44,aaa92d6cf12e90be,"Was ist die ""Investitionsprämie"" im Zuge der COVID-Gesetze?",", sind als Kryptowährungen anzusehen. Dies umfasst auch Token, die auf einer Blockchain basieren. Die Kryptowährung ist als Vermögensgegenstand zu behandeln. Die Kryptowährung ist als Vermögensgegenstand zu behandeln. Die Kryptowährung ist als Vermögensgegenstand zu behandeln. Die Kryptowährung ist als Vermögensgegenstand zu behandeln. Die Kryptowährung ist als Vermögensgegenstand zu behandeln. Die Kryptowährung ist als Vermögensgegenstand zu behandeln. Die Kryptowährung ist als Vermögensgegenstand zu behandeln. Die Kryptowährung ist als Vermögensgegenstand zu behandeln. Die Kryptowährung ist als Vermögensgegenstand zu behandeln. Die Kryptowährung ist als Vermögensge",Ein Zuschuss von 7 % bzw. 14 % für Neuinvestitionen in Unternehmen.,InvPrG,0,0,0,0,1,0,"""Ein Zuschuss von 7 % bzw. 14 % für Neuinvestitionen in Unternehmen."" (Investitionsprämiengesetz; Referenzantwort)",Output is repetitive and unrelated (about Kryptowährungen) — does not address the InvPrG question at all.
45,aae6e795afb19f2b,Wie werden Einlagen und Beiträge von Gesellschaftern bei der Einkommensermittlung behandelt?,"In Österreich werden Einlagen und Beiträge von Gesellschaftern bei der Einkommensermittlung **nicht** direkt als Einkünfte berücksichtigt.  Es wird davon ausgegangen, dass diese Gelder **insofern als Eigenkapital** betrachtet werden, wie es auch in § 8 KStG geregelt ist. 

Hier einige wichtige Punkte:

* **§ 8 KStG:**  Betrifft die Behandlung von Einlagen und Beiträgen von Gesellschaftern. Es wird explizit darauf hingewiesen, dass diese **als Eigenkapital** behandelt werden.
* **§ 10 KStG:** Bezieht sich auf die Abzugfähigkeit von Zuwendungen, insbesondere wenn es sich um Belegschaftsbeteiligungsstiftungen handelt.


Letztlich müssen alle Einlagen und Beiträge **in Bezug auf die jeweilige Beteiligung** analysiert werden.","Sie bleiben außer Ansatz, soweit sie von Personen in ihrer Eigenschaft als Gesellschafter oder Mitglieder geleistet werden (§ 8 Abs. 1 KStG).",§ 8 Abs. 1 KStG 1988,4,4,4,4,4,0,"""§ 8. (1) Bei der Ermittlung des Einkommens bleiben Einlagen und Beiträge jeder Art insoweit außer Ansatz, als sie von Personen in ihrer Eigenschaft als Gesellschafter, Mitglieder oder in ähnlicher Eigenschaft geleistet werden."" (§ 8 Abs. 1 KStG 1988)","Correct conclusion (außer Ansatz). Brings in § 10 KStG context that is tangential. Slight conflation with ""Eigenkapital"" framing but practical conclusion matches § 8 Abs. 1 KStG."
46,ab1f7c2db2e5ef86,Eine in Slowenien wohnende EU-Bürgerin erzielt österreichische Einkünfte und hat nur 10.000 Euro nicht in Österreich steuerpflichtige Auslandseinkünfte. Kann sie trotz Unterschreitens der 90%-Quote den Antrag nach § 1 Abs. 4 EStG 1988 stellen?,"In Österreich können Personen, die im Ausland wohnen, unter bestimmten Voraussetzungen einen Antrag nach § 1 Abs. 4 EStG 1988 stellen, um von der unbeschränkten Steuerpflicht in Österreich zu profitieren. Eine der Voraussetzungen ist, dass mindestens 90 % der gesamten Einkünfte aus österreichischen Quellen stammen oder die gesamten Einkünfte nicht mehr als 11.000 Euro betragen.

In dem von Ihnen geschilderten Fall erzielt die in Slowenien wohnende EU-Bürgerin österreichische Einkünfte und hat zusätzlich 10.000 Euro nicht in Österreich steuerpflichtige Auslandseinkünfte. Um die 90%-Quote zu erfüllen, müsste der Anteil der österreichischen Einkünfte an den gesamten Einkünften mindestens 90 % betragen.

Wenn die österreichischen Einkünfte beispielsweise 10.000 Euro betragen, wären die gesamten Einkünfte 20.000 Euro (10.000 Euro aus Österreich + 10.000 Euro aus dem Ausland). In diesem Fall würde der Anteil der österreichischen Einkünfte nur 50 % betragen, was die 90%-Quote nicht erfüllt.

Daher kann die Steuerpflichtige in diesem Fall den Antrag nach § 1 Abs. 4 EStG 1988 nicht stellen, da sie die erforderlichen Voraussetzungen nicht erfüllt.","Ja. Der Antrag nach § 1 Abs. 4 EStG 1988 ist auch dann möglich, wenn die nicht der österreichischen Einkommensteuer unterliegenden Einkünfte nicht mehr als 13.539 Euro betragen.",§ 1 Abs. 4 EStG 1988,1,2,2,4,4,1,"""(4) Auf Antrag werden auch Staatsangehörige von Mitgliedstaaten der Europäischen Union ... als unbeschränkt steuerpflichtig behandelt, die im Inland weder einen Wohnsitz noch ihren gewöhnlichen Aufenthalt haben, soweit sie inländische Einkünfte im Sinne des § 98 haben. Dies gilt nur, wenn ihre Einkünfte im Kalenderjahr mindestens zu 90% der österreichischen Einkommensteuer unterliegen oder wenn die nicht der österreichischen Einkommensteuer unterliegenden Einkünfte nicht mehr als 13 539 Euro betragen."" (§ 1 Abs. 4 EStG 1988)","Wrong conclusion (Nein) — § 1 Abs. 4 EStG also allows the option when nicht-österreichische Einkünfte ≤ 13 539 Euro. LLM cites outdated/incorrect threshold ""11.000 Euro"" — fabricated/obsolete figure that drives the wrong conclusion."
47,abb1a0921939366b,"Eine Arbeitnehmerin erhält Pensionszahlungen, die teils aus ihren eigenen Beiträgen, teils aus Arbeitgeberbeiträgen stammen. Sind beide Teile steuerpflichtig?","Basierend auf dem Gesetzestext des Einkommensteuergesetzes (EStG) und insbesondere auf § 25 Abs. 1 Z 1 bis 4, ist die Antwort wie folgt:

Die Pensionszahlungen, die aus den eigenen Beiträgen der Arbeitnehmerin stammen, sind steuerpflichtig. Dies ergibt sich aus dem Gesetzestext, der besagt, dass die Pflichten des Arbeitgebers hinsichtlich des Steuerabzugs vom Arbeitslohn für die gemeinsam ausgezahlten Beträge ausschließlich von der auszahlenden Stelle wahrzunehmen.

Die Pensionszahlungen, die aus den Arbeitgeberbeiträgen stammen, sind jedoch steuerfrei. Dies ergibt sich aus § 108a EStG, der besagt, dass die auf die Arbeitgeberbeiträge entfallenden Pensionen steuerfrei sind.

Es ist jedoch zu beachten, dass die Arbeitnehmerin die Arbeitgeberbeiträge als Sonderausgaben geltend machen kann, wenn sie die Beiträge als Sonderausgaben gemäß § 18 Abs.",Der Anteil aus ihren eigenen Beiträgen wird mit 25 % versteuert; der vom Arbeitgeber finanzierte Anteil ist voll steuerpflichtig.,§ 25 Abs. 1 Z 2 lit. a EStG 1988,1,1,1,2,3,1,"""2. a) Bezüge und Vorteile aus inländischen Pensionskassen ... Jene Teile der Bezüge und Vorteile, die auf die aa) vom Arbeitnehmer, ... eingezahlten Beträge entfallen, sind nur mit 25% zu erfassen."" (§ 25 Abs. 1 Z 2 lit. a EStG 1988)",Wrong: states Arbeitgeber-finanzierte Pension is steuerfrei (per fabricated § 108a EStG application); reference correctly says voll steuerpflichtig. Invented exemption.
48,ac23f4d115662ff7,"Ein in Spanien lebender Berater hat in Österreich weder Wohnsitz noch gewöhnlichen Aufenthalt. Wenn seine inländischen Einkünfte wegfallen, endet dann grundsätzlich auch die beschränkte Steuerpflicht?","Ja, wenn die inländischen Einkünfte eines in Spanien lebenden Beraters wegfallen, endet grundsätzlich auch seine beschränkte Steuerpflicht in Österreich. Die beschränkte Steuerpflicht knüpft in der Regel an das Vorhandensein von inländischen Einkünften an.","Ja. Nach EStR 2000 Rz 27 beginnt die beschränkte Steuerpflicht mit dem Erzielen inländischer Einkünfte und endet mit dem Wegfall der inländischen Einkünfte, dem Eintritt in die unbeschränkte Steuerpflicht oder dem Tod.",EStR 2000 Rz 27,4,3,3,3,5,0,"""4. Einkünfte aus nichtselbständiger Arbeit (§ 25), die – im Inland oder auf österreichischen Schiffen ausgeübt oder verwertet wird oder worden ist (Z 2), – aus inländischen öffentlichen Kassen ..."" (§ 98 Abs. 1 Z 4 EStG 1988)
""Beschränkt steuerpflichtig sind jene natürlichen Personen, die im Inland weder einen Wohnsitz noch ihren gewöhnlichen Aufenthalt haben. Die beschränkte Steuerpflicht erstreckt sich nur auf die im § 98 aufgezählten Einkünfte."" (§ 1 Abs. 3 EStG 1988)","Correct conclusion. Brief; does not specifically anchor in EStR 2000 Rz 27 (the source the reference uses) but reasoning is consistent with §§ 1 Abs. 3, 98 EStG."
49,acf0ded2114fd0c9,"""Welche sonstigen Leistungen gegen Entgelt gleichgestellt werden?""","In Österreich gelten folgende Leistungen als sonstige Leistungen gegen Entgelt gleichgestellt:

**§ 3a UStG:**  ""Eine sonstige Leistung kann auch in einem Unterlassen oder im Dulden einer Handlung oder eines Zustands bestehen.""

* **Verwendung eines dem Unternehmen zugeordneten Gegenstandes:**  Für Zwecke, die außerhalb des Unternehmens liegen, oder für den Bedarf seines Personals, sofern keine Aufmerksamkeiten vorliegen.
* **Unentgeltliche Erbringung von anderen sonstigen Leistungen:** Für Zwecke, die außerhalb des Unternehmens liegen, oder für den Bedarf seines Personals, sofern keine Aufmerksamkeiten vorliegen.


**Wesentliche Punkte:**

- Es geht um Leistungen, die nicht in einer Lieferung bestehen.
- Diese Leistungen können auch in einem Unterlassen oder im Dulden einer Handlung oder eines Zustands bestehen.
- Der Begriff ""sonstige Leistung"" ist weit gefasst und umfasst sowohl materielle als auch unmaterielle Leistungen.



Bitte beachten Sie, dass dies nur eine kurze Zusammenfassung ist. Im Detail müssen weitere Aspekte wie die Art der Tätigkeit, die konkreten Umstände und die jeweilige Rechtsprechung berücksichtigt werden.","""1. Die Verwendung eines dem Unternehmen zugeordneten Gegenstandes, der zum vollen oder teilweisen Vorsteuerabzug berechtigt hat, durch den Unternehmer
–für Zwecke, die außerhalb des Unternehmens liegen,
–für den Bedarf seines Personals, sofern keine Aufmerksamkeiten vorliegen;
2.die unentgeltliche Erbringung von anderen sonstigen Leistungen durch den Unternehmer
–für Zwecke, die außerhalb des Unternehmens liegen,
–für den Bedarf seines Personals, sofern keine Aufmerksamkeiten vorliegen.""",§ 3a Abs. 1a UStG 1994,4,4,4,4,4,0,"""(1a) Einer sonstigen Leistung gegen Entgelt werden gleichgestellt: 1. Die Verwendung eines dem Unternehmen zugeordneten Gegenstandes, der zum vollen oder teilweisen Vorsteuerabzug berechtigt hat, durch den Unternehmer – für Zwecke, die außerhalb des Unternehmens liegen, – für den Bedarf seines Personals, sofern keine Aufmerksamkeiten vorliegen; 2. die unentgeltliche Erbringung von anderen sonstigen Leistungen durch den Unternehmer – für Zwecke, die außerhalb des Unternehmens liegen, – für den Bedarf seines Personals, sofern keine Aufmerksamkeiten vorliegen. Z 1 gilt nicht für die Verwendung eines dem Unternehmen zugeordneten Grundstückes."" (§ 3a Abs. 1a UStG 1994)","Substantively correct enumeration of the two Tatbestände of § 3a Abs. 1a UStG (Verwendung Gegenstand; unentgeltliche sonstige Leistungen). Misses the Vorsteuerabzug-Voraussetzung in Z 1 and the Grundstücks-Ausnahme; also leads with an unrelated definition (Unterlassen/Dulden gehört zu Abs. 1, nicht 1a)."
50,acf76e8ec3c4fb7f,Eine österreichische Gesellschaft führt einen zuvor aus Österreich ausgeführten Gegenstand nach einer Bearbeitung im Drittlandsgebiet wieder ein. Für die Bearbeitung wurde ein gesondertes Entgelt vereinbart. Die Gesellschaft möchte die Einfuhrumsatzsteuer auf Basis des vollen Wertes des wiedereingeführten Gegenstands bemessen. Welche Bemessungsgrundlage gibt § 5 UStG für diesen Fall vor?,"durch die Veredlung eingetretenen Wertsteigerung bemessen. Ist der eingeführte Gegenstand vor der Einfuhr geliefert worden und ist diese Lieferung jedoch der Umsatzsteuer unterlegen, so gilt Abs. 2. Die Voraussetzungen zur Anwendung dieser Bestimmungen sind im Übrigen auch dann erfüllt, wenn der Einfluss der Veridierung auf das Umsatzsteuer","Maßgeblich ist nicht der volle Gesamtwert des wiedereingeführten Gegenstands, sondern grundsätzlich das für die Veredlung zu zahlende Entgelt. Nur wenn ein solches Entgelt nicht gezahlt wird, ist auf die durch die Veredlung eingetretene Wertsteigerung abzustellen.",§ 5 Abs. 2 UStG 1994,3,4,3,3,2,0,"""(2) Ist ein Gegenstand ausgeführt, in einem Drittlandsgebiet für den Ausführer veredelt und von dem Ausführer oder für ihn wieder eingeführt worden, so wird der Umsatz bei der Einfuhr nach dem für die Veredlung zu zahlenden Entgelt, falls aber ein solches Entgelt nicht gezahlt wird, nach der durch die Veredlung eingetretenen Wertsteigerung bemessen."" (§ 5 Abs. 2 UStG 1994)",Truncated and partially garbled but the quoted text correctly mirrors § 5 Abs. 2 UStG (Veredlungsentgelt; bei Fehlen Wertsteigerung). Conclusion is implicit not explicit; comprehension suffers from truncation.
51,ad0f5c97c14b44ed,"Ein in Tschechien ansässiger Architekt wird persönlich für ein Projekt in Wien tätig, ohne dort eine Betriebsstätte zu haben. Unterliegen die Honorare in Österreich der beschränkten Steuerpflicht?","? Antwort: Die Honorare sind nicht im Sinne von Art. 10 Abs. 2 des Bundesgesetzes über die Ausübung des Steuerrechts (AS 1985 S. 364) steuerpflichtig. Sie werden daher nicht als Steuern betrachtet, sondern als Einkommen.","Ja. Einkünfte aus selbständiger Arbeit sind nach § 98 Abs. 1 Z 2 EStG 1988 beschränkt steuerpflichtig, wenn die Arbeit im Inland ausgeübt oder verwertet wird. Für diese Steuerpflicht ist nach EStR 2000 Rz 7914 das Vorliegen einer Betriebsstätte nicht Voraussetzung.",§ 98 Abs. 1 Z 2 EStG 1988;EStR 2000 Rz 7914,1,0,1,1,2,1,"""2. Einkünfte aus selbständiger Arbeit (§ 22), die im Inland ausgeübt oder verwertet wird oder worden ist. Die Arbeit wird im Inland – ausgeübt, wenn der Steuerpflichtige im Inland persönlich tätig geworden ist ..."" (§ 98 Abs. 1 Z 2 EStG 1988)","Wrong conclusion (nicht steuerpflichtig vs. Referenz ""Ja, beschränkt steuerpflichtig""). LLM cites an invented ""Art. 10 Abs. 2 des Bundesgesetzes über die Ausübung des Steuerrechts (AS 1985 S. 364)"" — non-existent provision. Hallucinated citation."
52,ad24b5790cd4cb8e,Was charakterisiert einen Werkvertrag nach § 1165 ABGB?,"Ein Werkvertrag im Sinne des § 1165 ABGB ist ein Arbeitsverhältnis, das **durch eine schriftliche Vereinbarung** zwischen einem Auftraggeber und einem Bauarbeiter oder Handwerker abgeschlossen wird.  

Hier sind die wichtigsten Merkmale eines Werkvertrags:

* **Besondere Art der Leistung:** Der Vertrag umfasst die Ausführung einer bestimmten Arbeit oder Aufgabe (Werk), die in der Regel mit dem Einsatz von Handwerkern und Fachkräften verbunden ist.
* **Vertragliche Abgrenzung:** Es muss klar definiert sein, welche Arbeiten vom Auftragnehmer ausgeführt werden sollen und welche Kosten zu tragen sind.
* **Fristabwicklung:** Der Vertrag sollte eine Frist festlegen, innerhalb derer die Arbeiten erledigt werden müssen.
* **Kostenberechnung:** Die vereinbarten Preise sollten transparent und eindeutig festgelegt sein.
* **Haftungsausschluss:** Der Vertrag sollte klare Regeln zur Haftung des Auftraggebers und des Auftragsnehmers enthalten.


**Wichtige Punkte:**

* **§ 1165 ABGB regelt nur den allgemeinen Rahmen.** Detaillierte Bestimmungen können durch weitere Rechtsvorschriften geregelt sein.
* **Der Umfang des Werkvertrages kann sich je nach Branche unterscheiden.** Im Bereich der Architektur beispielsweise ist es üblich, dass der Architekt auch als Bauleiter fungiert.
* **Die Einhaltung bestimmter Anforderungen ist wichtig.** Zum Beispiel muss der Auftraggeber die Baugenehmigung vor Beginn der Arbeiten erhalten.


**Zusätzliche Informationen:**",Die Verpflichtung zur Herstellung eines Werkes gegen Entgelt (Erfolgshaftung).,ABGB § 1165,3,2,3,4,4,0,"""§ 1165 ABGB: Der Unternehmer ist verpflichtet, das Werk persönlich auszuführen ..."" (ABGB § 1165; Referenz: Verpflichtung zur Herstellung eines Werkes gegen Entgelt – Erfolgshaftung)","Captures the spirit (Werk, Entgelt, Frist) but adds incorrect/unsupported claims (Schriftform-Erfordernis ist nicht in § 1165 ABGB; Werkvertrag ist kein Arbeitsverhältnis). Misses the central Erfolgshaftung-Element."
53,ad42e8e403de5a4f,"Welche Aspekte der §§ 7–12 KStG sind zu prüfen, wenn eine GmbH 60 % einer anderen GmbH von einem konzernfremden Dritten erwirbt und eine Gruppe bilden möchte?","Wenn eine GmbH 60 % einer anderen GmbH von einem konzernfremden Dritten erwirbt und eine Unternehmensgruppe im Sinne des österreichischen Körperschaftsteuergesetzes (KStG) bilden möchte, sind insbesondere die folgenden Aspekte der §§ 7–12 KStG zu prüfen:

1. **Voraussetzungen für die Bildung einer Unternehmensgruppe (§ 9 KStG)**:
   - Es muss eine Mehrheit der Stimmrechte an der Tochtergesellschaft gehalten werden, was bei einem Erwerb von 60 % gegeben ist.
   - Die Muttergesellschaft muss die Tochtergesellschaft im Sinne des KStG beherrschen, was in der Regel durch die Mehrheit der Stimmrechte gegeben ist.

2. **Konsolidierung (§ 10 KStG)**:
   - Bei der Bildung einer Unternehmensgruppe müssen die Ergebnisse der Tochtergesellschaft in die Steuerbilanz der Muttergesellschaft einfließen. Hierbei sind die Vorschriften zur Konsolidierung zu beachten, insbesondere die Behandlung von Gewinnen und Verlusten.

3. **Verlustverrechnung (§ 12 KStG)**:
   - Es ist zu prüfen, ob Verluste der Tochtergesellschaft mit den Gewinnen der Muttergesellschaft verrechnet werden können. Hierbei sind die Regelungen zur Verlustverrechnung innerhalb einer Unternehmensgruppe zu beachten.

4. **Steuerliche Behandlung von Dividenden (§ 7 KStG)**:
   - Die steuerliche Behandlung von Dividenden, die von der","§ 7 Abs. 3 KStG: Einkommensermittlung beider Körperschaften als Gewerbebetrieb (Gewerblichkeitsfiktion). § 9 Abs. 2–5 KStG: Gruppenvoraussetzungen (mittelbare oder unmittelbare Beteiligung > 50 %; unbeschränkt steuerpflichtige Kapitalgesellschaften oder vergleichbare nicht unbeschränkt steuerpflichtige Kapitalgesellschaften, die in einem Mitgliedstaat der Europäischen Union ode in einem Staat, mit dem umfassende Amtshilfe besteht, ansässig sind und ausschließlich mit unbeschränkt steuerpflichtigen Gruppenmitgliedern oder mit dem Gruppenträger finanziell verbunden sind; die finanzielle Verbindung muss während des gesamten Wirtschaftsjahres des jeweiligen Gruppenmitglieds vorliegen). § 9 Abs. 6 Z 4 KStG: Vorgruppenverluste nur gegen eigenen Gewinn. § 11 Abs. 1 Z 4 KStG: Zinsen abzugsfähig (konzernfremder Verkäufer → kein § 12 Abs. 1 Z 9). § 9 Abs. 7 KStG: Nach Beitritt keine Teilwertabschreibungen mehr.","§ 7 Abs. 3; § 9 Abs. 2–5, Abs. 6 Z 4, Abs. 7; § 11 Abs. 1 Z 4; § 12 Abs. 1 Z 9 KStG 1988",2,2,2,3,4,1,"""(2) Gruppenmitglieder ... können sein: – unbeschränkt steuerpflichtige Kapitalgesellschaften und Erwerbs- und Wirtschaftsgenossenschaften, die unter § 7 Abs. 3 fallen ... (4) Als finanziell verbundene Körperschaften gelten solche, bei denen – die beteiligte Körperschaft unmittelbar mehr als 50% des Grund-, Stamm- oder Genossenschaftskapitals und der Stimmrechte der Beteiligungskörperschaft besitzt ...; (5) Die finanzielle Verbindung im Sinne des Abs. 4 muss während des gesamten Wirtschaftsjahres des jeweiligen Gruppenmitgliedes vorliegen."" (§ 9 Abs. 2–5 KStG 1988)
""§ 11. (1) Bei der Gewinnermittlung gelten auch folgende Aufwendungen als Betriebsausgaben im Sinne des Einkommensteuergesetzes 1988: 1. Bei unter § 7 Abs. 3 fallenden Steuerpflichtigen die von ihnen zu tragenden Aufwendungen, soweit sie mit Einlagen und Beiträgen (§ 8 Abs. 1) in unmittelbarem wirtschaftlichen Zusammenhang stehen. ... 3. Bei Versicherungsunternehmen die Zuführungen zu versicherungstechnischen Rückstellungen und Rücklagen ... 4. Die Zinsen in Zusammenhang mit der Fremdfinanzierung des Erwerbes von Kapitalanteilen im Sinne des § 10, soweit sie zum Betriebsvermögen zählen."" (§ 11 Abs. 1 KStG 1988)","Identifies § 9 Gruppenvoraussetzungen correctly. Mis-attributes ""§ 10 Konsolidierung"" and ""§ 12 Verlustverrechnung"" — § 10 is Beteiligungserträge and § 12 is Nichtabzugsfähige Aufwendungen, not Verlustverrechnung. Misses § 7 Abs. 3 (Gewerblichkeitsfiktion), § 11 Abs. 1 Z 4, § 9 Abs. 6 Z 4. Truncated."
54,b03fa518e0dcea2b,"Ein Steuerpflichtiger betreibt seit fünf Jahren eine kleine Pferdezucht. Bisher wurden nur Verluste erzielt, und eine objektive Prognose zeigt, dass auch in Zukunft kein Gesamtwertüberschuss zu erwarten ist. Der Steuerpflichtige führt die Zucht jedoch aus persönlicher Leidenschaft fort. Handelt es sich hierbei um Einkünfte aus Gewerbebetrieb im Sinne des § 23 EStG?","Um die Frage zu beantworten, müssen wir zunächst prüfen, ob die Pferdezucht als Gewerbebetrieb im Sinne des § 23 EStG anzusehen ist.

Ein Gewerbebetrieb ist nach § 18 Abs. 1 EStG eine selbstständige Tätigkeit, die mit der Absicht betrieben wird, durch sie Einkünfte zu erzielen. Die Absicht, Einkünfte zu erzielen, ist jedoch nicht nur an die wirtschaftliche Motivation gebunden, sondern auch an die Art und Weise, wie die Tätigkeit ausgeübt wird.

In diesem Fall führt der Steuerpflichtige die Pferdezucht aus persönlicher Leidenschaft fort, obwohl er bisher nur Verluste erzielt hat und keine objektive Prognose auf einen Gesamtwertüberschuss hindeutet. Dies deutet darauf hin, dass die Pferdezucht nicht als Gewerbebetrieb im Sinne des § 23 EStG anzusehen ist.

Die persönliche Leidenschaft und die fehlende wirtschaftliche Motivation sprechen gegen die Annah","Nein, es handelt sich nicht um Einkünfte aus Gewerbebetrieb, sondern um steuerlich unbeachtliche Liebhaberei. Für einen Gewerbebetrieb nach § 23 EStG ist unter anderem eine Gewinnerzielungsabsicht erforderlich. Da hier objektiv kein Gesamterfolg (Totalgewinn) zu erwarten ist und die Tätigkeit aus persönlichen Neigungen fortgeführt wird, fehlt dieses konstitutive Merkmal.",§ 23 EStG 1988,4,2,4,4,4,1,"""§ 23. Einkünfte aus Gewerbebetrieb sind: 1. Einkünfte aus einer selbständigen, nachhaltigen Betätigung, die mit Gewinnabsicht unternommen wird und sich als Beteiligung am allgemeinen wirtschaftlichen Verkehr darstellt, wenn die Betätigung weder als Ausübung der Land- und Forstwirtschaft noch als selbständige Arbeit anzusehen ist. 2. Gewinnanteile der Gesellschafter von Gesellschaften, bei denen die Gesellschafter als Mitunternehmer anzusehen sind ... sowie die Vergütungen, die die Gesellschafter von der Gesellschaft für ihre Tätigkeit im Dienste der Gesellschaft, für die Hingabe von Darlehen oder für die Überlassung von Wirtschaftsgütern bezogen haben."" (§ 23 EStG 1988)","Correct conclusion (nicht Gewerbebetrieb / fehlende Gewinnabsicht). Hallucinates ""§ 18 Abs. 1 EStG"" as definitional source — § 18 EStG regelt Sonderausgaben, nicht Gewerbebetrieb. Correct anchor: § 23 Z 1 EStG plus Liebhaberei-Verordnung. Truncated."
55,b0c8dafacd05ccdb,"„Ein Kunde übergibt einem Schneider Stoff zur Anfertigung eines Anzugs. Der Schneider gibt ihm jedoch einen bereits fertigen, gleichartigen Anzug aus seinem Bestand und verrechnet einen festen Werklohn. Wie ist die Leistung zu beurteilen?“",Die Leistung wird in der Regel als „Fertigprodukt- oder Handwerkserwerb” beurteilt.,"„Als sonstige Leistung (Werkleistung), da ein gleichartiger Gegenstand überlassen wird und das Entgelt unabhängig vom Wertunterschied als Werklohn berechnet wird.“",§ 3a Abs. 3 UStG 1994,1,0,1,1,4,0,"""(3) Überläßt ein Unternehmer einem Auftraggeber, der ihm einen Stoff zur Herstellung eines Gegenstandes übergeben hat, an Stelle des herzustellenden Gegenstandes einen gleichartigen Gegenstand, wie er ihn in seinem Unternehmen aus solchem Stoff herzustellen pflegt, so gilt die Leistung des Unternehmers als sonstige Leistung (Werkleistung), wenn das Entgelt für die Leistung nach Art eines Werklohnes unabhängig vom Unterschied zwischen dem Marktpreis des empfangenen Stoffes und dem des überlassenen Gegenstandes berechnet wird."" (§ 3a Abs. 3 UStG 1994)","Wrong classification. § 3a Abs. 3 UStG (Werkleistung-Fiktion) wird nicht erkannt. ""Fertigprodukt- oder Handwerkserwerb"" ist keine umsatzsteuerliche Kategorie."
56,b0e6cdd96d7a1f7a,"Ein Käufer erwirbt ein Grundstück, auf dem er sich verpflichtet, innerhalb von zwei Jahren ein Haus durch einen vom Verkäufer bestimmten Generalunternehmer bauen zu lassen (Bauherrenmodell). Worauf wird die Steuer berechnet?","Als Experte für österreichisches Steuerrecht kann ich Ihnen sagen, dass bei der Berechnung des Steuersatzes im Bauherrenmodell in Österreich verschiedene Faktoren berücksichtigt werden müssen:

**1. Grundstückskauf:** 
* Der Kaufpreis des Grundstücks ist relevant und wird als **Grundsteuer** betrachtet.  
* Es gibt keine separate Steuerpflicht für den Kauf eines Grundstücks mit Bauvorhaben.

**2. Baukosten:** 
* Die Kosten für den Bau des Hauses fallen unter die **Bauabgaben**. Diese Abgabe gilt nicht nur für den Bau selbst, sondern auch für die Baugenehmigung, die Planungskosten etc.
* In diesem Fall sind die Baukosten nach § 34a Einkommenssteuergesetzbuch (EStG) abzugsfähig.

**3. Bauherrschaft:** 
* Als Bauherr haftet der Käufer für die gesamten Baukosten.
* Er zahlt die Bauabgaben an das Finanzamt.


**Wichtig:** 
* Es ist wichtig zu beachten, dass es sich um eine komplexere Situation handelt, da viele Details und Sonderfälle existieren. 
* Eine genaue Berechnung der Steuerpflichten erfordert daher eine detaillierte Analyse der individuellen Situation. 
* Ich empfehle dringend, sich professionellen Steuerberatern zu wenden, um eine individuelle Beratung zu erhalten.



**Zusätzliche Punkte:**
* **Abzug von Baukosten:** Der Bauherr kann die Baukosten bis zum Ende des Kalender","In diesem Fall umfasst die Gegenleistung gemäß § 5 Abs. 1 Z 1 GrEStG nicht nur den Grundpreis, sondern auch die Baukosten des Hauses. Da der Käufer an ein fertiges Projekt gebunden ist, gilt das Gebäude als miterworben.",§ 5 Abs. 1 Z 1 GrEStG 1987,1,1,1,2,3,1,"""§ 5. (1) Gegenleistung ist 1. bei einem Kauf der Kaufpreis einschließlich der vom Käufer übernommenen sonstigen Leistungen und der dem Verkäufer vorbehaltenen Nutzungen."" (§ 5 Abs. 1 Z 1 GrEStG 1987)","Off-topic answer about Grundsteuer/Bauabgaben/EStG. Misses § 5 Abs. 1 Z 1 GrEStG and the Bauherrenmodell-Doktrin (Gegenleistung umfasst Baukosten). Hallucinates Abzugsfähigkeit von Baukosten ""nach § 34a EStG"" (existiert nicht in dieser Form)."
57,b179b368bee6111e,"Herr Ritter ist stiller Gesellschafter an einem Handelsunternehmen. In Jahr 1 erzielt er einen Verlustanteil von 8.000 Euro, in Jahr 2 einen Gewinnanteil von 3.000 Euro. Zusätzlich hat er in Jahr 2 Dividendeneinkünfte aus Aktien von 10.000 Euro. Wie ist der Verlust aus Jahr 1 zu behandeln, und kann er in Jahr 2 mit den Dividenden verrechnet werden?","Der Verlust aus Jahr 1 kann nur dann mit den Dividenden aus Jahr 2 verrechnet werden, wenn die Verluste aus Jahr 1 als ausgleichsfähige Verluste in Höhe der Dividenden in Jahr 2 gelten. Dieses Regelungsmuster ist in den Angaben unter ""Wartetastenverluste"" (Punkt 4) beschrieben.  Nach",Verlustanteile aus der Beteiligung als stiller Gesellschafter dürfen gemäß § 27 Abs. 8 Z 2 EStG 1988 nicht mit anderen Einkünften ausgeglichen werden – auch nicht mit anderen Einkünften aus Kapitalvermögen wie Dividenden. Der Verlust von 8.000 Euro aus Jahr 1 ist daher ausschließlich in Folgejahren mit Gewinnanteilen aus derselben stillen Beteiligung zu verrechnen. In Jahr 2 können von dem Gewinnanteil von 3.000 Euro aus der stillen Beteiligung 3.000 Euro des Vorjahresverlustes verrechnet werden; der verbleibende Verlustvortrag beträgt 5.000 Euro. Eine Verrechnung des Verlustes mit den Dividendeneinkünften von 10.000 Euro ist nicht zulässig.,§ 27 Abs. 8 Z 2 EStG 1988,2,2,2,2,3,0,"""(8) Der Verlustausgleich ist nur nach Maßgabe der folgenden Vorschriften zulässig: ... 2. Verlustanteile aus der Beteiligung an einem Unternehmen als stiller Gesellschafter sowie aus der Beteiligung nach Art eines stillen Gesellschafters dürfen nicht mit anderen Einkünften ausgeglichen werden. Sie sind in Folgejahren mit Gewinnanteilen aus derselben Beteiligung zu verrechnen."" (§ 27 Abs. 8 Z 2 EStG 1988)",Mentions Wartetastenverluste-Konzept (analog § 23a EStG) but does not arrive at the correct rule of § 27 Abs. 8 Z 2 EStG (Verlust nur mit Gewinnen aus derselben stillen Beteiligung verrechenbar). Truncated.
58,b1c911b68da26061,"Ein deutscher Staatsbürger erbt ein Grundstück in Österreich. Das Nachlassverfahren läuft in Deutschland, und am 10. März 2025 wird ein Europäisches Nachlasszeugnis ausgestellt. Bis wann muss die Abgabenerklärung in Österreich eingereicht werden?","Die Abgabenerklärung für die Erbschaftssteuer in Österreich muss innerhalb von drei Monaten nach Ablauf des Todesjahres eingereicht werden, wenn das Nachlassverfahren im Ausland durchgeführt wird und ein Europäisches Nachlasszeugnis ausgestellt wurde (§ 29 Abs. 3 ErbStG). Da das Europäische Nachlasszeugnis am 10. März 2025 ausgestellt wurde, ist dies jedoch für die Fristberechnung nicht relevant. Die Frist beginnt mit dem Todestag des Erblassers, der jedoch nicht genannt ist. 

Wenn wir jedoch davon ausgehen, dass der Erblass","Die Abgabenerklärung muss bis 15. Mai 2025 beim Finanzamt Österreich eingereicht werden. Gemäß § 10 Abs. 1a GrEStG sind Erwerbsvorgänge, die nicht nach einem inländischen Verlassenschaftsverfahren abgewickelt werden und unter Vorlage eines gültigen Europäischen Nachlasszeugnisses nachgewiesen werden, bis zum 15. Tag des auf den Kalendermonat, in dem das Zeugnis ausgestellt wurde, zweitfolgenden Monats anzuzeigen. Ausstellung: März → zweitfolgender Monat: Mai → Frist: 15. Mai 2025.",§ 10 Abs. 1a GrEStG 1987,1,1,1,2,4,1,"""(1a) Abweichend von Abs. 1 sind Erwerbsvorgänge, welche nicht nach einem inländischen Verlassenschaftsverfahren und unter Vorlage eines gültigen Europäischen Nachlasszeugnisses gemäß Verordnung (EU) Nr. 650/2012 ... nachgewiesen werden, bis zum 15. Tag des auf den Kalendermonat, in dem das Europäische Nachlasszeugnis ausgestellt wurde, zweitfolgenden Monats beim Finanzamt Österreich mit einer Abgabenerklärung anzuzeigen."" (§ 10 Abs. 1a GrEStG 1987)","Hallucinated provision: ""§ 29 Abs. 3 ErbStG"" — das österreichische Erbschaftssteuergesetz wurde 2008 aufgehoben. Wrong frist (3 Monate nach Todesjahr) statt 15. Mai 2025 nach § 10 Abs. 1a GrEStG. Inkorrekt anchored."
59,b21922bf6946f6f4,"Ein Versicherungsmakler vermittelt in seiner Freizeit regelmäßig Immobilien an Bekannte und erhält hierfür von den jeweiligen Immobilienbüros eine Tippgeber-Provision. Er schaltet keine Inserate, nutzt aber sein berufliches Netzwerk intensiv, um Käufer und Verkäufer zusammenzubringen. Im letzten Jahr erzielte er so fünf Provisionen. Sind diese Einkünfte als Einkünfte aus Gewerbebetrieb gemäß § 23 EStG zu werten?","Ja, gemäß § 23 Absatz 1 Einkommensteuergesetz (EStG) gelten die Einkünfte aus dem Versicherungsmaklergeschäft als Einkünfte aus Gewerbebetrieb. Dies gilt auch für den Fall, dass die Tätigkeit nur in der Freizeit ausgeübt wird.<end_of_turn>","Ja, es handelt sich um Einkünfte aus Gewerbebetrieb gemäß § 23 EStG. Die Tätigkeit ist selbstständig und wird mit Gewinnerzielungsabsicht ausgeübt. Durch die Regelmäßigkeit (fünf Vermittlungen) ist das Merkmal der Nachhaltigkeit erfüllt. Zudem beteiligt er sich am wirtschaftlichen Verkehr, da er seine Vermittlungsleistung am Markt (gegenüber Immobilienbüros) anbietet. Es liegt keine bloße private Gefälligkeit mehr vor.",§ 23 EStG 1988,4,4,4,3,4,0,"""§ 23. Einkünfte aus Gewerbebetrieb sind: 1. Einkünfte aus einer selbständigen, nachhaltigen Betätigung, die mit Gewinnabsicht unternommen wird und sich als Beteiligung am allgemeinen wirtschaftlichen Verkehr darstellt, wenn die Betätigung weder als Ausübung der Land- und Forstwirtschaft noch als selbständige Arbeit anzusehen ist. 2. Gewinnanteile der Gesellschafter von Gesellschaften, bei denen die Gesellschafter als Mitunternehmer anzusehen sind ... sowie die Vergütungen, die die Gesellschafter von der Gesellschaft für ihre Tätigkeit im Dienste der Gesellschaft, für die Hingabe von Darlehen oder für die Überlassung von Wirtschaftsgütern bezogen haben."" (§ 23 EStG 1988)","Correct conclusion (Ja, Gewerbebetrieb). Brief; does not enumerate the four Tatbestandsmerkmale (Selbständigkeit, Nachhaltigkeit, Gewinnabsicht, Beteiligung am wirtschaftlichen Verkehr) as the reference does. End-of-turn token leaks into output (minor)."
60,b243b598c07d70dd,Mitarbeiterin B pendelt jeden Tag 25 km zu ihrem Arbeitsplatz. Die Nutzung öffentlicher Verkehrsmittel für diese Strecke ist zumutbar. Die Mitarbeiterin beantragt die volle Pendlerpauschale. Steht ihr diese zu?,"Die Pendlerpauschale gilt für Mitarbeiter, die täglich mindestens 50 km zur Arbeitsstelle zurücklegen (§ 3 Abs 1 EStG). Da die Mitarbeiterin B nur 25 km täglich zurücklegt, ist sie nicht berechtigt, die volle Pendlerpauschale zu erhalten.","Laut § 16 Abs. 1 Z 6 lit. c EStG steht ihr, da die Entfernung über 20 km beträgt und die Nutzung öffentlicher Verkehrsmittel zumutbar ist, nur die halbe Pendlerpauschale zu. Die volle Pendlerpauschale würde nur zustehen, wenn wie in § 16 Abs. 1 Z 6 lit. d EStG beschrieben, der Großteil der Strecke mit den öffentlichen Verkehrsmittel nicht zumutbar ist.","§ 16 Abs. 1 Z 6 lit. c EStG
§ 16 Abs. 1 Z 6 lit. d EStG",1,1,1,2,4,1,"""c) Beträgt die Entfernung zwischen Wohnung und Arbeitsstätte mindestens 20 km und ist die Benützung eines Massenbeförderungsmittels zumutbar, beträgt das Pendlerpauschale: Bei mindestens 20 km bis 40 km 696 Euro jährlich, bei mehr als 40 km bis 60 km 1 356 Euro jährlich, bei mehr als 60 km 2 016 Euro jährlich."" (§ 16 Abs. 1 Z 6 lit. c EStG 1988)
""d) Ist dem Arbeitnehmer die Benützung eines Massenbeförderungsmittels zwischen Wohnung und Arbeitsstätte zumindest hinsichtlich der halben Entfernung nicht zumutbar, beträgt das Pendlerpauschale abweichend von lit. c: Bei mindestens 2 km bis 20 km 372 Euro jährlich, bei mehr als 20 km bis 40 km 1 476 Euro jährlich, bei mehr als 40 km bis 60 km 2 568 Euro jährlich, bei mehr als 60 km 3 672 Euro jährlich."" (§ 16 Abs. 1 Z 6 lit. d EStG 1988)","Wrong rule: claims Pendlerpauschale only applies ab 50 km — fabricated. § 16 Abs. 1 Z 6 lit. c EStG sieht das (kleine) Pendlerpauschale ab 20 km bei Zumutbarkeit öffentlicher Verkehrsmittel vor; Mitarbeiterin B steht daher die halbe Pendlerpauschale zu. Conclusion (kein voller Pendlerpauschale) zufällig richtig, aber aus falschem Grund. Hallucinated citation ""§ 3 Abs. 1 EStG""."
